trip_id,start_time,end_time,headway_secs,exact_times
054300B000_1,06:00:00,22:00:00,720,0
054300B000_0,06:00:00,22:00:00,720,0
0100Z3H000_1,05:00:00,24:00:00,480,0
0100Z3H000_0,05:00:00,24:00:00,480,0
0100Z3G000_1,05:00:00,24:00:00,480,0
0100Z3G000_0,05:00:00,24:00:00,480,0
0100Z3F000_1,05:00:00,24:00:00,480,0
0100Z3F000_0,05:00:00,24:00:00,480,0
0100Z3E000_1,05:00:00,24:00:00,480,0
0100Z3E000_0,05:00:00,24:00:00,480,0
0100Z3D000_1,05:00:00,24:00:00,480,0
0100Z3D000_0,05:00:00,24:00:00,480,0
0100Z3C000_1,05:00:00,24:00:00,480,0
0100Z3C000_0,05:00:00,24:00:00,480,0
0100Z3B000_1,05:00:00,24:00:00,480,0
0100Z3B000_0,05:00:00,24:00:00,480,0
0100Z3A000_1,05:00:00,24:00:00,480,0
0100Z3A000_0,05:00:00,24:00:00,480,0
010025E000_1,06:00:00,24:00:00,480,0
010025E000_0,06:00:00,24:00:00,480,0
010025D000_1,06:00:00,24:00:00,480,0
010025D000_0,06:00:00,24:00:00,480,0
010025C000_1,06:00:00,24:00:00,480,0
010025C000_0,06:00:00,24:00:00,480,0
010025B000_1,06:00:00,24:00:00,480,0
010025B000_0,06:00:00,24:00:00,480,0
010025A000_1,06:00:00,24:00:00,480,0
010025A000_0,06:00:00,24:00:00,480,0
051SEL9002_1,16:00:00,22:00:00,300,0
051SEL9002_0,16:00:00,22:00:00,300,0
04400L7000_1,05:00:00,24:00:00,300,0
04400L7000_0,05:00:00,24:00:00,300,0
04300L7000_1,05:30:00,23:30:00,300,0
04300L7000_0,05:30:00,23:30:00,300,0
051SEL9001_1,16:00:00,22:00:00,300,0
051SEL9001_0,16:00:00,22:00:00,300,0
051SEL9000_1,22:00:00,24:00:00,300,0
051SEL9000_0,22:00:00,24:00:00,300,0
033SEL9000_1,07:00:00,24:00:00,240,0
033SEL9000_0,07:00:00,24:00:00,240,0
032SEL9000_1,06:00:00,24:00:00,240,0
032SEL9000_0,06:00:00,24:00:00,240,0
031SEL9000_1,05:00:00,24:00:00,240,0
031SEL9000_0,05:00:00,24:00:00,240,0
04500L9000_1,05:30:00,23:30:00,420,0
04500L9000_0,05:30:00,23:30:00,420,0
04100L9000_1,05:00:00,24:00:00,240,0
04100L9000_0,05:00:00,24:00:00,240,0
034SEL1000_1,05:30:00,23:00:00,300,0
034SEL1000_0,05:30:00,23:00:00,300,0
033SEL1000_1,14:00:00,22:30:00,300,0
033SEL1000_0,14:00:00,22:30:00,300,0
053SEL1004_1,07:00:00,24:00:00,300,0
053SEL1004_0,07:00:00,24:00:00,300,0
052SEL1004_1,06:00:00,24:00:00,300,0
052SEL1004_0,06:00:00,24:00:00,300,0
051SEL1004_1,05:00:00,24:00:00,300,0
051SEL1004_0,05:00:00,24:00:00,300,0
053SEL1003_1,07:00:00,24:00:00,300,0
053SEL1003_0,07:00:00,24:00:00,300,0
052SEL1003_1,06:00:00,24:00:00,300,0
052SEL1003_0,06:00:00,24:00:00,300,0
051SEL1003_1,05:00:00,24:00:00,300,0
051SEL1003_0,05:00:00,24:00:00,300,0
053SEL1002_1,07:00:00,24:00:00,300,0
053SEL1002_0,07:00:00,24:00:00,300,0
052SEL1002_1,06:00:00,24:00:00,300,0
052SEL1002_0,06:00:00,24:00:00,300,0
051SEL1002_1,05:00:00,24:00:00,300,0
051SEL1002_0,05:00:00,24:00:00,300,0
053SEL1001_1,07:00:00,24:00:00,300,0
053SEL1001_0,07:00:00,24:00:00,300,0
052SEL1001_1,06:00:00,24:00:00,300,0
052SEL1001_0,06:00:00,24:00:00,300,0
051SEL1001_1,05:00:00,24:00:00,300,0
051SEL1001_0,05:00:00,24:00:00,300,0
053SEL9000_1,07:00:00,24:00:00,300,0
053SEL9000_0,07:00:00,24:00:00,300,0
052SEL9000_1,06:00:00,24:00:00,300,0
052SEL9000_0,06:00:00,24:00:00,300,0
051SEL9000_1,05:00:00,16:00:00,300,0
051SEL9000_0,05:00:00,16:00:00,300,0
03100L7007_1,07:34:00,12:46:00,240,0
03100L7007_0,06:20:00,14:00:00,240,0
03200L7007_1,07:54:00,12:46:00,300,0
03200L7007_0,06:40:00,14:00:00,300,0
03300L3004_1,05:47:00,23:41:00,300,0
03300L3004_0,05:30:00,23:36:00,300,0
03200L3004_1,04:44:00,23:46:00,300,0
03200L3004_0,04:45:00,23:46:00,300,0
03100L3004_1,04:46:00,23:46:00,300,0
03100L3004_0,04:45:00,23:40:00,300,0
03300L3003_1,05:04:00,23:11:00,300,0
03300L3003_0,05:00:00,23:34:00,300,0
03200L3003_1,04:33:00,24:08:00,300,0
03200L3003_0,04:30:00,23:31:00,300,0
03100L3003_1,04:39:00,24:06:00,300,0
03100L3003_0,04:30:00,23:58:00,300,0
03100L3002_1,05:58:00,23:17:00,300,0
03100L3002_0,05:31:00,22:49:00,300,0
03300L3002_1,06:07:00,22:45:00,300,0
03300L3002_0,05:39:00,22:18:00,300,0
03200L3002_1,05:27:00,22:31:00,300,0
03200L3002_0,05:00:00,22:04:00,300,0
03200L3001_1,05:00:00,22:17:00,300,0
03200L3001_0,05:47:00,23:18:00,300,0
03300L3000_1,04:59:00,24:26:00,300,0
03300L3000_0,05:00:00,23:16:00,300,0
03200L3000_1,04:30:00,24:15:00,300,0
03200L3000_0,04:30:00,23:04:00,300,0
03100L3000_1,04:34:00,24:23:00,300,0
03100L3000_0,04:30:00,23:10:00,300,0
03000L2006_1,05:30:00,21:30:00,300,0
03000L2006_0,05:30:00,21:30:00,300,0
04100L5001_1,18:00:00,22:00:00,300,0
04100L5001_0,18:00:00,22:00:00,300,0
04100L5001_1,6:00:00,10:00:00,300,0
04100L5001_0,6:00:00,10:00:00,300,0
050300A000_1,6:00:00,22:30:00,700,0
050300A000_0,6:00:00,22:30:00,700,0
0500107000_1,5:25:00,23:00:00,700,0
0500107000_0,5:25:00,23:00:00,700,0
03200L4006_1,8:03:00,20:05:00,300,0
03200L4006_0,8:02:00,20:00:00,300,0
08300L2001_1,7:00:00,23:00:00,300,0
08300L2001_0,7:00:00,23:00:00,300,0
08300L2000_1,7:00:00,23:00:00,300,0
08300L2000_0,7:00:00,23:00:00,300,0
08200L2001_1,6:00:00,23:00:00,300,0
08200L2001_0,6:00:00,23:00:00,300,0
08200L2000_1,6:00:00,23:00:00,300,0
08200L2000_0,6:00:00,23:00:00,300,0
08100L2001_1,5:00:00,23:00:00,300,0
08100L2001_0,5:00:00,23:00:00,300,0
08100L2000_1,5:00:00,23:00:00,300,0
08100L2000_0,5:00:00,23:00:00,300,0
08300L1001_1,7:00:00,23:00:00,300,0
08300L1001_0,7:00:00,23:00:00,300,0
08300L1000_1,7:00:00,23:00:00,300,0
08300L1000_0,7:00:00,23:00:00,300,0
08200L1001_1,6:00:00,23:00:00,300,0
08200L1001_0,6:00:00,23:00:00,300,0
08200L1000_1,6:00:00,23:00:00,300,0
08200L1000_0,6:00:00,23:00:00,300,0
08100L1001_1,5:00:00,23:00:00,300,0
08100L1001_0,5:00:00,23:00:00,300,0
08100L1000_1,5:00:00,23:00:00,300,0
08100L1000_0,5:00:00,23:00:00,300,0
03300L4002_1,5:03:00,23:32:00,300,0
03300L4002_0,5:01:00,24:02:00,300,0
03200L4002_1,4:31:00,23:00:00,300,0
03200L4002_0,4:36:00,24:02:00,300,0
03100L4002_1,4:31:00,23:00:00,300,0
03100L4002_0,4:36:00,24:02:00,300,0
03300L4001_1,5:02:00,23:32:00,300,0
03300L4001_0,5:00:00,24:01:00,300,0
03200L4001_1,4:31:00,23:14:00,300,0
03200L4001_0,4:30:00,24:01:00,300,0
03100L4001_1,4:34:00,23:14:00,300,0
03100L4001_0,4:30:00,24:01:00,300,0
0530126000_1,7:00:00,23:00:00,500,0
0530126000_0,7:00:00,23:00:00,500,0
0520126000_1,6:00:00,23:00:00,500,0
0520126000_0,6:00:00,23:00:00,500,0
0510126000_1,5:00:00,23:00:00,500,0
0510126000_0,5:00:00,23:00:00,500,0
010024D000_1,5:30:00,22:00:00,300,0
010024D000_0,5:30:00,22:00:00,300,0
010024C000_1,5:30:00,22:00:00,300,0
010024C000_0,5:30:00,22:00:00,300,0
010024B000_1,5:30:00,22:00:00,300,0
010024B000_0,5:30:00,22:00:00,300,0
010024A000_1,5:30:00,20:30:00,300,0
010024A000_0,5:30:00,20:30:00,300,0
03000L2005_1,5:30:00,21:30:00,600,0
03000L2005_0,5:30:00,21:30:00,600,0
03300L1006_1,5:35:00,23:41:00,300,0
03300L1006_0,5:30:00,23:35:00,300,0
03200L1006_1,4:44:00,23:46:00,300,0
03200L1006_0,4:45:00,23:46:00,300,0
03100L1006_1,4:44:00,23:44:00,300,0
03100L1006_0,4:45:00,23:41:00,300,0
03100L7005_1,11:50:00,21:07:00,300,0
03100L7005_0,11:07:00,20:24:00,300,0
03100L7004_1,6:35:00,14:52:00,300,0
03100L7004_0,5:45:00,13:59:00,300,0
03300L7003_1,5:49:00,14:21:00,300,0
03300L7003_0,5:00:00,13:29:00,300,0
03100L7003_1,13:51:00,23:50:00,300,0
03100L7003_0,13:01:00,23:02:00,300,0
03100L6001_1,4:31:00,21:00:00,300,0
03100L6001_0,4:35:00,21:01:00,300,0
03200L4005_1,4:32:00,22:55:00,300,0
03200L4005_0,5:19:00,23:45:00,300,0
0430L10000_1,5:00:00,24:00:00,480,0
0430L10000_0,5:00:00,24:00:00,480,0
0420L10000_1,5:00:00,24:00:00,360,0
0420L10000_0,5:00:00,24:00:00,360,0
0410L10000_1,5:00:00,24:00:00,300,0
0410L10000_0,5:00:00,24:00:00,300,0
015017L000_1,6:00:00,24:00:00,300,0
015017L000_0,6:00:00,24:00:00,300,0
011017L000_1,5:00:00,24:00:00,300,0
011017L000_0,5:00:00,24:00:00,300,0
015009F000_1,6:00:00,24:00:00,300,0
015009F000_0,6:00:00,24:00:00,300,0
011009F000_1,5:00:00,24:00:00,300,0
011009F000_0,5:00:00,24:00:00,300,0
015019I000_1,6:00:00,24:00:00,300,0
015019I000_0,6:00:00,24:00:00,300,0
011019I000_1,5:00:00,24:00:00,300,0
011019I000_0,5:00:00,24:00:00,300,0
03100L2001_1,5:30:00,21:00:00,300,0
03100L2001_0,6:19:00,21:48:00,300,0
03200L2001_1,5:01:00,20:07:00,300,0
03200L2001_0,5:48:00,20:53:00,300,0
03200L4004_1,4:30:00,23:05:00,210,0
03200L4004_0,5:06:00,23:42:00,210,0
03100L4004_1,4:30:00,23:05:00,210,0
03100L4004_0,5:06:00,23:42:00,210,0
03300L4003_1,5:00:00,23:58:00,210,0
03300L4003_0,5:51:00,23:49:00,210,0
03200L4003_1,4:30:00,22:59:00,480,0
03200L4003_0,5:20:00,23:40:00,480,0
03100L4003_1,4:30:00,22:59:00,480,0
03100L4003_0,5:20:00,23:40:00,480,0
09100R8000_0,6:00:00,22:00:00,480,0
09200R5000_0,6:00:00,15:00:00,480,0
09100R5000_0,6:00:00,22:00:00,480,0
09200R4000_0,6:00:00,15:00:00,480,0
09100R4000_0,6:00:00,22:00:00,480,0
09200R9000_0,6:00:00,15:00:00,480,0
09100R9000_0,6:00:00,22:00:00,480,0
0950R10000_0,6:00:00,23:00:00,480,0
0910R10000_0,6:00:00,22:00:00,480,0
0910R11000_0,6:00:00,22:00:00,480,0
0910R13000_0,6:00:00,22:00:00,480,0
09200R2000_0,6:00:00,15:00:00,480,0
09100R2000_0,6:00:00,22:00:00,480,0
09100R7000_0,6:00:00,22:00:00,480,0
09100R6000_0,6:00:00,22:00:00,480,0
09500R3000_0,6:00:00,23:00:00,480,0
09100R3000_0,6:00:00,22:00:00,480,0
09200R1000_0,6:00:00,15:00:00,480,0
09100R1000_0,6:00:00,22:00:00,480,0
010020B000_1,6:00:00,22:59:00,480,0
010020B000_0,6:00:00,22:59:00,480,0
010020A000_1,6:00:00,22:59:00,480,0
010020A000_0,6:00:00,22:59:00,480,0
010021A000_1,6:00:00,22:59:00,480,0
010021A000_0,6:00:00,22:59:00,480,0
010022A000_1,6:00:00,22:59:00,480,0
010022A000_0,6:00:00,22:59:00,480,0
010023C000_1,6:00:00,22:59:00,480,0
010023D000_1,6:00:00,22:59:00,480,0
010023D000_0,6:00:00,22:59:00,480,0
010023C000_0,6:00:00,22:59:00,480,0
010023B000_1,6:00:00,22:59:00,480,0
010023B000_0,6:00:00,22:59:00,480,0
010023A000_1,6:00:00,22:59:00,480,0
010023A000_0,6:00:00,22:59:00,480,0
03100L5002_1,4:38:00,21:25:00,300,0
03100L5002_0,4:30:00,22:05:00,300,0
03100L5001_1,4:30:00,22:05:00,300,0
03100L5001_0,4:36:00,21:31:00,300,0
03300L5000_1,5:00:00,24:16:00,300,0
03300L5000_0,5:00:00,24:13:00,300,0
03200L5000_1,4:36:00,24:02:00,300,0
03200L5000_0,4:30:00,24:02:00,300,0
03100L5000_1,4:34:00,24:02:00,300,0
03100L5000_0,4:30:00,23:59:00,300,0
04300L4000_1,5:30:00,23:30:00,360,0
04300L4000_0,5:30:00,23:30:00,360,0
04200L4000_1,5:00:00,24:06:00,300,0
04200L4000_0,5:00:00,24:06:00,300,0
04100L4000_1,5:00:00,24:32:00,240,0
04100L4000_0,5:00:00,24:32:00,240,0
04300L6000_1,5:09:00,23:43:00,480,0
04300L6000_0,5:09:00,23:43:00,480,0
04200L6000_1,5:00:00,24:06:00,360,0
04200L6000_0,5:00:00,24:06:00,360,0
04100L6000_1,5:05:00,24:07:00,300,0
04100L6000_0,5:05:00,24:07:00,300,0
04100L8000_0,6:09:00,22:24:00,480,0
055116A000_1,4:30:00,24:00:00,720,0
055116A000_0,4:30:00,24:00:00,720,0
051116A000_1,5:00:00,21:50:00,420,0
051116A000_0,5:00:00,21:50:00,420,0
010019F000_1,6:00:00,22:59:00,300,0
010019F000_0,6:00:00,22:59:00,300,0
01000Z1022_1,5:00:00,23:00:00,270,0
01000Z1022_0,5:00:00,23:00:00,270,0
01000Z1021_1,5:00:00,23:00:00,270,0
01000Z1021_0,5:00:00,23:00:00,270,0
01000Z1020_1,5:00:00,23:00:00,270,0
01000Z1020_0,5:00:00,23:00:00,270,0
01000Z1019_1,5:00:00,23:00:00,270,0
01000Z1019_0,5:00:00,23:00:00,270,0
01000Z1018_1,5:00:00,23:00:00,270,0
01000Z1018_0,5:00:00,23:00:00,270,0
01000Z1017_1,5:00:00,23:00:00,270,0
01000Z1017_0,5:00:00,23:00:00,270,0
01000Z1016_1,5:00:00,23:00:00,270,0
01000Z1016_0,5:00:00,23:00:00,270,0
01000Z1015_1,5:00:00,23:00:00,270,0
01000Z1015_0,5:00:00,23:00:00,270,0
01000Z1014_1,5:00:00,23:00:00,270,0
01000Z1014_0,5:00:00,23:00:00,270,0
01000Z1013_1,5:00:00,23:00:00,270,0
01000Z1013_0,5:00:00,23:00:00,270,0
010011F000_1,6:00:00,22:59:00,300,0
010011F000_0,6:00:00,22:59:00,300,0
010011D000_1,6:00:00,22:59:00,300,0
010011D000_0,6:00:00,22:59:00,300,0
01000Z1012_1,5:00:00,23:00:00,270,0
01000Z1012_0,5:00:00,23:00:00,270,0
01000Z1011_1,5:00:00,23:00:00,270,0
01000Z1011_0,5:00:00,23:00:00,270,0
01000Z1010_1,5:00:00,23:00:00,270,0
01000Z1010_0,5:00:00,23:00:00,270,0
01000Z1009_1,5:00:00,23:00:00,270,0
01000Z1009_0,5:00:00,23:00:00,270,0
01000Z1008_1,5:00:00,23:00:00,270,0
01000Z1008_0,5:00:00,23:00:00,270,0
01000Z1007_1,5:00:00,23:00:00,270,0
01000Z1007_0,5:00:00,23:00:00,270,0
01000Z1006_1,5:00:00,23:00:00,270,0
01000Z1006_0,5:00:00,23:00:00,270,0
01000Z1005_1,5:00:00,23:00:00,270,0
01000Z1005_0,5:00:00,23:00:00,270,0
01000Z1004_1,5:00:00,23:00:00,270,0
01000Z1004_0,5:00:00,23:00:00,270,0
01000Z1003_1,5:00:00,23:00:00,270,0
01000Z1003_0,5:00:00,23:00:00,270,0
01000Z1002_1,5:00:00,23:00:00,270,0
01000Z1002_0,5:00:00,23:00:00,270,0
01000Z1001_1,5:00:00,23:00:00,270,0
01000Z1001_0,5:00:00,23:00:00,270,0
01000Z1000_1,5:00:00,23:00:00,270,0
01000Z1000_0,5:00:00,23:00:00,270,0
010008D000_1,5:00:00,23:00:00,270,0
010008D000_0,5:00:00,23:00:00,270,0
010008C000_1,5:00:00,23:00:00,270,0
010008C000_0,5:00:00,23:00:00,270,0
010008B000_1,5:00:00,23:00:00,270,0
010008B000_0,5:00:00,23:00:00,270,0
010008A000_1,5:00:00,23:00:00,270,0
010008A000_0,5:00:00,23:00:00,270,0
010011E000_1,6:00:00,22:59:00,300,0
010011E000_0,6:00:00,22:59:00,300,0
010011C000_1,6:00:00,22:59:00,300,0
010011C000_0,6:00:00,22:59:00,300,0
010011B000_1,6:00:00,22:59:00,300,0
010011B000_0,6:00:00,22:59:00,300,0
010011A000_1,6:00:00,22:59:00,300,0
010011A000_0,6:00:00,22:59:00,300,0
010017K000_1,6:00:00,22:59:00,300,0
010017K000_0,6:00:00,22:59:00,300,0
010017J000_1,6:00:00,22:59:00,300,0
010017J000_0,6:00:00,22:59:00,300,0
010017I000_1,6:00:00,22:59:00,300,0
010017I000_0,6:00:00,22:59:00,300,0
010017H000_1,6:00:00,22:59:00,300,0
010017H000_0,6:00:00,22:59:00,300,0
010017G000_1,6:00:00,22:59:00,300,0
010017G000_0,6:00:00,22:59:00,300,0
010017F000_1,6:00:00,22:59:00,300,0
010017F000_0,6:00:00,22:59:00,300,0
010017E000_1,6:00:00,22:59:00,300,0
010017E000_0,6:00:00,22:59:00,300,0
010017D000_1,6:00:00,22:59:00,300,0
010017D000_0,6:00:00,22:59:00,300,0
010017C000_1,6:00:00,22:59:00,300,0
010017C000_0,6:00:00,22:59:00,300,0
010017B000_1,6:00:00,22:59:00,300,0
010017B000_0,6:00:00,22:59:00,300,0
010017A000_1,6:00:00,22:59:00,300,0
010017A000_0,6:00:00,22:59:00,300,0
010001C000_1,4:00:00,24:00:00,480,0
010001C000_0,4:00:00,24:00:00,480,0
010001B000_1,4:00:00,24:00:00,480,0
010001B000_0,4:00:00,24:00:00,480,0
010001A000_1,4:00:00,24:00:00,480,0
010001A000_0,4:00:00,24:00:00,480,0
010019H000_1,6:00:00,22:59:00,300,0
010019H000_0,6:00:00,22:59:00,300,0
010019G000_1,6:00:00,22:59:00,300,0
010019G000_0,6:00:00,22:59:00,300,0
010019E000_1,6:00:00,22:59:00,300,0
010019E000_0,6:00:00,22:59:00,300,0
010019D000_1,6:00:00,22:59:00,300,0
010019D000_0,6:00:00,22:59:00,300,0
010019C000_1,6:00:00,22:59:00,300,0
010019C000_0,6:00:00,22:59:00,300,0
010019B000_1,6:00:00,22:59:00,300,0
010019B000_0,6:00:00,22:59:00,300,0
010019A000_1,6:00:00,22:59:00,300,0
010019A000_0,6:00:00,22:59:00,300,0
010007D000_1,6:00:00,22:59:00,480,0
010007D000_0,6:00:00,22:59:00,480,0
010007C000_1,6:00:00,22:59:00,480,0
010007C000_0,6:00:00,22:59:00,480,0
010007B000_1,6:00:00,22:59:00,480,0
010007B000_0,6:00:00,22:59:00,480,0
010007A000_1,6:00:00,22:59:00,480,0
010007A000_0,6:00:00,22:59:00,480,0
010015B000_1,6:00:00,22:59:00,480,0
010015B000_0,6:00:00,22:59:00,480,0
010015A000_1,6:00:00,22:59:00,480,0
010015A000_0,6:00:00,22:59:00,480,0
010015C000_1,6:00:00,22:59:00,480,0
010015C000_0,6:00:00,22:59:00,480,0
010016D000_1,6:00:00,22:56:00,480,0
010016D000_0,6:00:00,22:56:00,480,0
010016C000_1,6:00:00,22:56:00,480,0
010016C000_0,6:00:00,22:56:00,480,0
010016B000_1,6:00:00,22:56:00,480,0
010016B000_0,6:00:00,22:56:00,480,0
010016A000_1,6:00:00,22:56:00,480,0
010016A000_0,6:00:00,22:56:00,480,0
010004C000_1,6:00:00,22:48:00,480,0
010004C000_0,6:00:00,22:48:00,480,0
010004B000_1,6:00:00,22:48:00,480,0
010004B000_0,6:00:00,22:48:00,480,0
010004A000_1,6:00:00,22:48:00,480,0
010004A000_0,6:00:00,22:48:00,480,0
017002F000_1,6:00:00,22:56:00,480,0
017002F000_0,6:00:00,22:56:00,480,0
016002F000_1,5:00:00,23:55:00,480,0
016002F000_0,5:00:00,23:55:00,480,0
017002E000_1,6:00:00,22:56:00,480,0
017002E000_0,6:00:00,22:56:00,480,0
016002E000_1,6:00:00,22:59:00,480,0
016002E000_0,6:00:00,22:59:00,480,0
010002D000_1,6:00:00,22:56:00,480,0
010002D000_0,6:00:00,22:56:00,480,0
010002C000_1,6:00:00,22:56:00,480,0
010002C000_0,6:00:00,22:56:00,480,0
019002B000_1,6:00:00,22:56:00,480,0
019002B000_0,6:00:00,22:56:00,480,0
018002B000_1,5:00:00,23:55:00,480,0
018002B000_0,5:00:00,23:55:00,480,0
017002A000_1,6:00:00,22:54:00,480,0
017002A000_0,6:00:00,22:54:00,480,0
016002A000_1,5:00:00,23:55:00,480,0
016002A000_0,5:00:00,23:55:00,480,0
015010C000_1,6:00:00,22:00:00,600,0
015010C000_0,6:00:00,22:00:00,600,0
011010C000_1,6:00:00,24:00:00,360,0
011010C000_0,6:00:00,24:00:00,360,0
011010C000_1,4:30:00,6:00:00,720,0
011010C000_0,4:30:00,6:00:00,720,0
011010A000_1,7:00:00,24:00:00,240,0
011010A000_0,6:00:00,24:00:00,240,0
015010A000_1,6:00:00,22:00:00,600,0
015010A000_0,6:00:00,22:00:00,600,0
011010A000_1,6:00:00,7:00:00,480,0
011010A000_0,5:00:00,6:00:00,480,0
011010A000_1,5:00:00,6:00:00,900,0
011010A000_0,4:00:00,5:00:00,900,0
015010E000_1,6:00:00,22:00:00,600,0
015010E000_0,6:00:00,22:00:00,600,0
011010E000_1,6:00:00,24:00:00,240,0
011010E000_0,5:00:00,24:00:00,240,0
011010E000_1,5:00:00,6:00:00,720,0
011010E000_0,4:30:00,5:00:00,720,0
015010D000_1,6:00:00,22:00:00,600,0
015010D000_0,6:00:00,22:00:00,600,0
011010D000_1,6:00:00,24:00:00,300,0
011010D000_0,6:00:00,24:00:00,300,0
011010D000_1,4:30:00,6:00:00,600,0
011010D000_0,4:30:00,6:00:00,600,0
015010B000_1,6:00:00,22:00:00,600,0
015010B000_0,6:00:00,22:00:00,600,0
011010B000_1,6:00:00,24:00:00,240,0
011010B000_0,6:00:00,24:00:00,240,0
011010B000_1,5:00:00,6:00:00,480,0
011010B000_0,5:00:00,6:00:00,480,0
011010B000_1,4:00:00,5:00:00,720,0
011010B000_0,4:00:00,5:00:00,720,0
010006A000_1,6:00:00,22:59:00,480,0
010006A000_0,6:00:00,22:59:00,480,0
010013B000_1,6:00:00,22:59:00,480,0
010013B000_0,6:00:00,22:59:00,480,0
010013D000_1,6:00:00,22:59:00,480,0
010013D000_0,6:00:00,22:59:00,480,0
010013A000_1,6:00:00,22:59:00,480,0
010013A000_0,6:00:00,22:59:00,480,0
010013E000_1,6:00:00,22:59:00,480,0
010013E000_0,6:00:00,22:59:00,480,0
010013C000_1,6:00:00,22:59:00,480,0
010013C000_0,6:00:00,22:59:00,480,0
013009E000_1,6:00:00,22:30:00,300,0
013009E000_0,6:00:00,22:30:00,300,0
014009E000_1,22:00:00,23:00:00,300,0
014009E000_0,22:00:00,23:00:00,300,0
014009E000_1,7:00:00,22:00:00,300,0
014009E000_0,7:00:00,22:00:00,300,0
014009E000_1,5:00:00,7:00:00,300,0
014009E000_0,5:00:00,7:00:00,300,0
014009A000_1,5:30:00,23:00:00,300,0
014009A000_1,5:00:00,5:30:00,300,0
014009A000_0,22:00:00,23:00:00,300,0
014009A000_0,7:00:00,22:00:00,300,0
014009A000_0,5:00:00,7:00:00,300,0
013009A000_1,6:00:00,22:30:00,300,0
013009A000_0,6:00:00,22:30:00,300,0
014009C000_1,5:30:00,23:00:00,300,0
014009C000_0,5:30:00,23:00:00,300,0
014009C000_1,5:00:00,5:30:00,300,0
014009C000_0,5:00:00,5:30:00,300,0
013009C000_1,6:00:00,22:30:00,300,0
013009C000_0,6:00:00,22:30:00,300,0
014009D000_1,5:30:00,23:00:00,300,0
014009D000_0,5:30:00,23:00:00,300,0
014009D000_1,5:00:00,5:30:00,300,0
014009D000_0,5:00:00,5:30:00,300,0
013009D000_1,6:00:00,22:30:00,300,0
013009D000_0,6:00:00,22:30:00,300,0
014009B000_1,5:30:00,23:00:00,300,0
014009B000_0,5:30:00,23:00:00,300,0
014009B000_1,5:00:00,5:30:00,300,0
014009B000_0,5:00:00,5:30:00,300,0
013009B000_1,6:00:00,22:30:00,300,0
013009B000_0,6:00:00,22:30:00,300,0
010018B000_1,6:00:00,22:59:00,480,0
010018B000_0,6:00:00,22:59:00,480,0
010018D000_1,6:00:00,22:59:00,480,0
010018D000_0,6:00:00,22:59:00,480,0
010018C000_1,6:00:00,22:59:00,480,0
010018C000_0,6:00:00,22:59:00,480,0
010018A000_1,6:00:00,22:59:00,480,0
010018A000_0,6:00:00,22:59:00,480,0
010005A000_1,6:00:00,22:59:00,480,0
010005A000_0,6:00:00,22:59:00,480,0
010014A000_1,6:00:00,22:59:00,480,0
010014A000_0,6:00:00,22:59:00,480,0
010012C000_1,6:00:00,22:59:00,480,0
010012C000_0,6:00:00,22:59:00,480,0
010012D000_1,6:00:00,22:59:00,480,0
010012D000_0,6:00:00,22:59:00,480,0
010012A000_1,6:00:00,22:59:00,480,0
010012A000_0,6:00:00,22:59:00,480,0
010012B000_1,6:00:00,22:59:00,480,0
010012B000_0,6:00:00,22:59:00,480,0
010003A000_1,6:00:00,10:59:00,480,0
010003A000_0,6:00:00,10:59:00,480,0
02300LB000_1,7:00:00,24:00:00,180,0
02300LB000_0,7:00:00,24:00:00,180,0
02200LB000_1,6:00:00,24:00:00,180,0
02200LB000_0,6:00:00,24:00:00,180,0
02100LB000_1,5:00:00,24:00:00,180,0
02100LB000_0,5:00:00,24:00:00,180,0
02300LA000_1,7:00:00,24:00:00,240,0
02300LA000_0,7:00:00,24:00:00,240,0
02200LA000_1,6:00:00,24:00:00,240,0
02200LA000_0,6:00:00,24:00:00,240,0
02100LA000_1,5:00:00,24:00:00,240,0
02100LA000_0,5:00:00,24:00:00,240,0
02300L9000_1,7:00:00,24:00:00,180,0
02300L9000_0,7:00:00,24:00:00,180,0
02200L9000_1,6:00:00,24:00:00,180,0
02200L9000_0,6:00:00,24:00:00,180,0
02100L9000_1,5:00:00,24:00:00,180,0
02100L9000_0,5:00:00,24:00:00,180,0
02300L8000_1,7:00:00,24:00:00,240,0
02300L8000_0,7:00:00,24:00:00,240,0
02200L8000_1,6:00:00,24:00:00,240,0
02200L8000_0,6:00:00,24:00:00,240,0
02100L8000_1,5:00:00,24:00:00,240,0
02100L8000_0,5:00:00,24:00:00,240,0
02300L7000_1,7:00:00,24:00:00,240,0
02300L7000_0,7:00:00,24:00:00,240,0
02200L7000_1,6:00:00,24:00:00,240,0
02200L7000_0,6:00:00,24:00:00,240,0
02100L7000_1,5:00:00,24:00:00,240,0
02100L7000_0,5:00:00,24:00:00,240,0
02300L6000_1,7:00:00,24:00:00,240,0
02300L6000_0,7:00:00,24:00:00,240,0
02200L6000_1,6:00:00,24:00:00,240,0
02200L6000_0,6:00:00,24:00:00,240,0
02100L6000_1,5:00:00,24:00:00,240,0
02100L6000_0,5:00:00,24:00:00,240,0
02300L5000_1,7:00:00,24:00:00,180,0
02300L5000_0,7:00:00,24:00:00,180,0
02200L5000_1,6:00:00,24:00:00,180,0
02200L5000_0,6:00:00,24:00:00,180,0
02100L5000_1,5:00:00,24:00:00,180,0
02100L5000_0,5:00:00,24:00:00,180,0
02300L4000_1,7:00:00,24:00:00,240,0
02300L4000_0,7:00:00,24:00:00,240,0
02200L4000_1,6:00:00,24:00:00,240,0
02200L4000_0,6:00:00,24:00:00,240,0
02100L4000_1,5:00:00,24:00:00,240,0
02100L4000_0,5:00:00,24:00:00,240,0
02300L3000_1,7:00:00,24:00:00,180,0
02300L3000_0,7:00:00,24:00:00,180,0
02200L3000_1,6:00:00,24:00:00,180,0
02200L3000_0,6:00:00,24:00:00,180,0
02100L3000_1,5:00:00,24:00:00,180,0
02100L3000_0,5:00:00,24:00:00,180,0
02300L2000_1,7:00:00,24:00:00,180,0
02300L2000_0,7:00:00,24:00:00,180,0
02200L2000_1,6:00:00,24:00:00,180,0
02200L2000_0,6:00:00,24:00:00,180,0
02100L2000_1,5:00:00,24:00:00,180,0
02100L2000_0,5:00:00,24:00:00,180,0
03300L7001_1,6:50:00,22:20:00,300,0
03300L7001_0,6:00:00,21:25:00,300,0
03200L7001_1,5:20:00,22:15:00,300,0
03200L7001_0,4:38:00,21:30:00,300,0
03100L7001_1,5:15:00,22:15:00,300,0
03100L7001_0,4:37:00,21:30:00,300,0
03300L7000_1,5:50:00,24:25:00,300,0
03300L7000_0,5:00:00,23:32:00,300,0
03200L7000_0,4:30:00,23:45:00,300,0
03200L7000_1,4:45:00,24:30:00,300,0
03100L7000_1,4:45:00,24:30:00,300,0
03100L7000_0,4:30:00,23:45:00,300,0
03100L1000_0,4:30:00,23:50:00,300,0
03300L2000_1,5:00:00,23:51:00,210,0
03300L2000_0,5:04:00,23:52:00,210,0
03200L2000_1,4:30:00,23:59:00,210,0
03200L2000_0,4:30:00,23:57:00,210,0
03100L2000_1,4:30:00,24:03:00,210,0
03100L2000_0,4:31:00,24:03:00,210,0
03300L4000_0,4:30:00,23:57:00,300,0
03200L4000_0,4:30:00,23:42:00,300,0
03100L4000_0,4:30:00,23:51:00,300,0
03300L6000_1,5:00:00,23:58:00,300,0
03300L6000_0,5:01:00,24:03:00,300,0
03200L6000_1,4:33:00,23:57:00,300,0
03200L6000_0,4:30:00,24:04:00,300,0
03100L6000_1,4:30:00,24:00:00,300,0
03100L6000_0,4:31:00,23:57:00,300,0
03300L2002_1,5:05:00,23:28:00,300,0
03300L2002_0,5:10:00,23:47:00,300,0
03200L2002_1,4:35:00,23:33:00,300,0
03200L2002_0,4:36:00,23:46:00,300,0
03100L2002_1,4:35:00,23:35:00,300,0
03100L2002_0,4:43:00,23:33:00,300,0
03300L1003_1,5:43:00,22:00:00,300,0
03300L1003_0,6:00:00,21:03:00,300,0
03200L1003_1,4:53:00,22:00:00,300,0
03200L1003_0,5:00:00,21:00:00,300,0
03100L1003_1,4:36:00,19:57:00,300,0
03100L1003_0,4:30:00,21:04:00,300,0
03200L1002_1,5:55:00,21:29:00,300,0
03200L1002_0,5:30:00,21:06:00,300,0
03100L1002_1,5:55:00,21:48:00,300,0
03100L1002_0,5:30:00,20:23:00,300,0
03300L1001_1,5:25:00,24:08:00,300,0
03300L1001_0,5:00:00,23:46:00,300,0
03200L1001_1,5:27:00,21:36:00,300,0
03200L1001_0,5:00:00,21:11:00,300,0
03100L1001_1,5:25:00,21:36:00,300,0
03100L1001_0,5:00:00,21:11:00,300,0
03300L1000_1,4:57:00,23:53:00,300,0
03300L1000_0,5:00:00,23:50:00,300,0
03200L1000_1,4:30:00,23:55:00,300,0
03200L1000_0,4:30:00,23:50:00,300,0
03100L1000_1,4:31:00,23:50:00,300,0
06300L1000_1,7:00:00,23:30:00,360,0
06300L1000_0,7:00:00,23:30:00,360,0
06200L1000_1,6:00:00,23:30:00,300,0
06200L1000_0,6:00:00,23:30:00,300,0
06100L1000_1,5:00:00,23:30:00,240,0
06100L1000_0,5:00:00,23:30:00,240,0
07300L1000_1,7:00:00,24:30:00,300,0
07300L1000_0,7:00:00,24:30:00,300,0
07200L1000_1,6:00:00,24:30:00,300,0
07200L1000_0,6:00:00,24:30:00,300,0
07100L1000_1,5:00:00,24:30:00,300,0
07100L1000_0,5:00:00,24:30:00,300,0
04300L5000_1,5:30:00,23:30:00,420,0
04300L5000_0,5:30:00,23:30:00,420,0
04200L5000_1,5:00:00,23:30:00,360,0
04200L5000_0,5:00:00,23:30:00,360,0
04100L5000_1,5:00:00,23:30:00,300,0
04100L5000_0,5:00:00,23:30:00,300,0
04000L3000_1,5:01:00,24:00:00,180,0
04000L3000_0,5:01:00,24:00:00,180,0
04000L2000_1,5:00:00,24:00:00,180,0
04000L2000_0,5:00:00,24:00:00,180,0
04000L1000_1,24:01:00,29:00:00,1800,0
04000L1000_0,24:01:00,29:00:00,1800,0
04000L1000_1,5:00:00,24:00:00,120,0
04000L1000_0,5:00:00,24:00:00,120,0
055161C000_1,18:30:00,20:20:00,3600,0
055161C000_0,18:30:00,20:20:00,3600,0
055161C000_1,5:30:00,18:30:00,2400,0
055161C000_0,5:30:00,18:30:00,2400,0
051161C000_1,18:30:00,20:20:00,3300,0
051161C000_0,18:30:00,20:20:00,3300,0
051161C000_1,5:30:00,18:30:00,2100,0
051161C000_0,5:30:00,18:30:00,2100,0
055107B000_1,19:00:00,24:30:00,1200,0
055107B000_0,19:00:00,24:30:00,1200,0
055107B000_1,5:30:00,19:00:00,1080,0
055107B000_0,5:30:00,19:00:00,1080,0
051107B000_1,19:00:00,24:30:00,900,0
051107B000_0,19:00:00,24:30:00,900,0
051107B000_1,5:00:00,19:00:00,780,0
051107B000_0,5:00:00,19:00:00,780,0
0530128000_1,19:00:00,23:40:00,3000,0
0530128000_0,19:00:00,23:40:00,3000,0
0530128000_1,4:20:00,19:00:00,2940,0
0530128000_0,4:20:00,19:00:00,2640,0
0520128000_1,19:00:00,23:40:00,3240,0
0520128000_0,19:00:00,23:40:00,3240,0
0520128000_1,4:20:00,19:00:00,2640,0
0520128000_0,4:20:00,19:00:00,1980,0
0510128000_1,19:00:00,24:00:00,2940,0
0510128000_0,19:00:00,24:00:00,2400,0
0510128000_1,4:20:00,19:00:00,1380,0
0510128000_0,4:20:00,19:00:00,2340,0
055134A000_1,19:00:00,25:00:00,4860,0
055134A000_0,19:00:00,25:00:00,4860,0
055134A000_1,5:00:00,19:00:00,3480,0
055134A000_0,5:00:00,19:00:00,3480,0
051134A000_1,19:00:00,21:30:00,4560,0
051134A000_0,19:00:00,21:30:00,4560,0
051134A000_1,5:00:00,19:00:00,3180,0
051134A000_0,5:00:00,19:00:00,3180,0
052076N000_0,19:00:00,21:45:00,2700,0
053076X000_1,5:45:00,21:45:00,3000,0
053076X000_0,5:45:00,21:45:00,3000,0
052076N000_1,19:00:00,21:45:00,2700,0
052076X000_1,5:45:00,19:00:00,2400,0
052076X000_0,5:45:00,19:00:00,2400,0
051076N000_1,19:00:00,24:05:00,2100,0
051076N000_0,19:00:00,24:05:00,2100,0
051076X000_1,4:45:00,19:00:00,1500,0
051076X000_0,4:45:00,19:00:00,1500,0
050027A000_1,7:00:00,22:40:00,700,0
050027A000_0,7:00:00,22:40:00,700,0
053121A000_1,18:00:00,22:40:00,700,0
053121A000_0,18:00:00,22:40:00,700,0
053121A000_1,7:00:00,18:00:00,900,0
053121A000_0,7:00:00,18:00:00,900,0
052121A000_1,18:00:00,22:40:00,480,0
052121A000_0,18:00:00,22:40:00,480,0
052121A000_1,7:00:00,18:00:00,600,0
052121A000_0,7:00:00,18:00:00,600,0
051121A000_1,19:00:00,22:40:00,360,0
051121A000_0,19:00:00,22:40:00,360,0
051121A000_1,7:00:00,19:00:00,480,0
051121A000_0,7:00:00,19:00:00,480,0
0530069000_1,18:00:00,22:40:00,700,0
0530069000_0,18:00:00,22:40:00,700,0
0530069000_1,7:00:00,18:00:00,900,0
0530069000_0,7:00:00,18:00:00,900,0
0520069000_1,18:00:00,22:40:00,480,0
0520069000_0,18:00:00,22:40:00,480,0
0520069000_1,7:00:00,18:00:00,600,0
0520069000_0,7:00:00,18:00:00,600,0
0510069000_1,19:00:00,22:40:00,360,0
0510069000_0,19:00:00,22:40:00,360,0
0510069000_1,7:00:00,19:00:00,480,0
0510069000_0,7:00:00,19:00:00,480,0
053002A000_1,18:00:00,22:40:00,700,0
053002A000_0,18:00:00,22:40:00,700,0
053002A000_1,7:00:00,18:00:00,900,0
053002A000_0,7:00:00,18:00:00,900,0
052002A000_1,18:00:00,22:40:00,480,0
052002A000_0,18:00:00,22:40:00,480,0
052002A000_1,7:00:00,18:00:00,600,0
052002A000_0,7:00:00,18:00:00,600,0
051002A000_1,19:00:00,22:40:00,360,0
051002A000_0,19:00:00,22:40:00,360,0
051002A000_1,7:00:00,19:00:00,480,0
051002A000_0,7:00:00,19:00:00,480,0
053031B000_1,18:00:00,22:40:00,700,0
053031B000_0,18:00:00,22:40:00,700,0
053031B000_1,7:00:00,18:00:00,900,0
053031B000_0,7:00:00,18:00:00,900,0
052031B000_1,18:00:00,22:40:00,480,0
052031B000_0,18:00:00,22:40:00,480,0
052031B000_1,7:00:00,18:00:00,600,0
052031B000_0,7:00:00,18:00:00,600,0
051031B000_1,19:00:00,22:40:00,360,0
051031B000_0,19:00:00,22:40:00,360,0
051031B000_1,7:00:00,19:00:00,480,0
051031B000_0,7:00:00,19:00:00,480,0
053111A000_1,18:00:00,22:40:00,480,0
053111A000_0,18:00:00,22:40:00,480,0
053111A000_1,7:00:00,18:00:00,600,0
053111A000_0,7:00:00,18:00:00,600,0
052111A000_1,18:00:00,22:40:00,480,0
052111A000_0,18:00:00,22:40:00,480,0
052111A000_1,7:00:00,18:00:00,600,0
052111A000_0,7:00:00,18:00:00,600,0
051111A000_1,19:00:00,22:40:00,360,0
051111A000_0,19:00:00,22:40:00,360,0
051111A000_1,6:00:00,19:00:00,480,0
051111A000_0,6:00:00,19:00:00,480,0
053081A000_1,18:00:00,22:40:00,700,0
053081A000_0,18:00:00,22:40:00,700,0
053081A000_1,7:00:00,18:00:00,900,0
053081A000_0,7:00:00,18:00:00,900,0
052081A000_1,18:00:00,22:40:00,480,0
052081A000_0,18:00:00,22:40:00,480,0
052081A000_1,7:00:00,18:00:00,600,0
052081A000_0,7:00:00,18:00:00,600,0
051081A000_1,19:00:00,22:40:00,360,0
051081A000_0,19:00:00,22:40:00,360,0
051081A000_1,7:00:00,19:00:00,480,0
051081A000_0,7:00:00,19:00:00,480,0
0530132000_1,18:00:00,22:40:00,700,0
0530132000_0,18:00:00,22:40:00,700,0
0530132000_1,7:00:00,18:00:00,900,0
0530132000_0,7:00:00,18:00:00,900,0
0520132000_1,18:00:00,22:40:00,480,0
0520132000_0,18:00:00,22:40:00,480,0
0520132000_1,7:00:00,18:00:00,600,0
0520132000_0,7:00:00,18:00:00,600,0
0510132000_1,19:00:00,22:40:00,360,0
0510132000_0,19:00:00,22:40:00,360,0
0510132000_1,7:00:00,19:00:00,480,0
0510132000_0,7:00:00,19:00:00,480,0
055001D000_1,19:30:00,21:40:00,2460,0
055001D000_0,19:30:00,21:40:00,2460,0
055001D000_1,5:30:00,19:30:00,2220,0
055001D000_0,5:30:00,19:30:00,2220,0
051001D000_1,19:30:00,21:40:00,2160,0
051001D000_0,19:30:00,21:40:00,2160,0
051001D000_1,5:00:00,19:30:00,1920,0
051001D000_0,5:00:00,19:30:00,1920,0
05357AX000_1,5:00:00,19:00:00,1200,0
05357AX000_0,5:00:00,19:00:00,1200,0
05257AX000_1,5:00:00,19:00:00,1080,0
05257AX000_0,5:00:00,19:00:00,1080,0
05157AX000_1,5:00:00,19:00:00,780,0
05157AX000_0,5:00:00,19:00:00,780,0
05057AN000_1,24:00:00,29:00:00,1200,0
05057AN000_0,24:00:00,29:00:00,1200,0
05047AX000_1,5:10:00,22:30:00,720,0
05047AX000_0,5:10:00,22:30:00,720,0
053009C000_1,5:00:00,22:00:00,900,0
053009C000_0,5:00:00,22:00:00,900,0
052009C000_1,5:00:00,22:00:00,600,0
052009C000_0,5:00:00,22:00:00,600,0
051009C000_1,4:35:00,24:00:00,300,0
051009C000_0,4:35:00,24:00:00,300,0
055076A000_1,5:15:00,21:45:00,2400,0
055076A000_0,5:15:00,21:45:00,2400,0
051076A000_1,4:55:00,24:00:00,1980,0
051076A000_0,4:55:00,24:00:00,1980,0
053076N000_1,19:00:00,22:00:00,2760,0
053076N000_0,19:00:00,22:00:00,2760,0
055059A000_1,19:00:00,23:00:00,4740,0
055059A000_0,19:00:00,23:00:00,4740,0
055059A000_1,6:00:00,19:00:00,2400,0
055059A000_0,6:00:00,19:00:00,2400,0
051059A000_1,19:00:00,23:00:00,4440,0
051059A000_0,19:00:00,23:00:00,4440,0
051059A000_1,5:25:00,19:00:00,2100,0
051059A000_0,5:25:00,19:00:00,2100,0
0550059000_1,19:00:00,23:00:00,5640,0
0550059000_0,19:00:00,23:00:00,5640,0
0550059000_1,6:00:00,19:00:00,2760,0
0550059000_0,6:00:00,19:00:00,2760,0
0510059000_1,19:00:00,23:00:00,5340,0
0510059000_0,19:00:00,23:00:00,5340,0
0510059000_1,5:25:00,19:00:00,2460,0
0510059000_0,5:25:00,19:00:00,2460,0
055057C000_1,6:30:00,21:10:00,5220,0
055057C000_0,6:30:00,21:10:00,5220,0
051057C000_1,6:30:00,21:10:00,4920,0
051057C000_0,6:30:00,21:10:00,4920,0
050057C000_1,24:00:00,29:00:00,900,0
050057C000_0,24:00:00,29:00:00,900,0
055052C000_1,19:00:00,25:00:00,780,0
055052C000_0,19:00:00,25:00:00,780,0
055052C000_1,4:25:00,19:00:00,720,0
055052C000_0,4:25:00,19:00:00,720,0
051052C000_1,19:00:00,25:00:00,480,0
051052C000_0,19:00:00,25:00:00,480,0
051052C000_1,4:25:00,19:00:00,420,0
051052C000_0,4:25:00,19:00:00,420,0
05347AX000_1,5:00:00,24:00:00,960,0
05347AX000_0,5:00:00,24:00:00,960,0
05247AX000_1,5:00:00,24:00:00,960,0
05247AX000_0,5:00:00,24:00:00,960,0
05147AX000_1,5:00:00,24:00:00,660,0
05147AX000_0,5:00:00,24:00:00,660,0
05047AN000_1,24:00:00,29:00:00,900,0
05047AN000_0,24:00:00,29:00:00,900,0
055046C000_1,18:30:00,22:15:00,1020,0
055046C000_0,18:30:00,22:15:00,1020,0
055046C000_1,5:25:00,18:30:00,960,0
055046C000_0,5:25:00,18:30:00,960,0
051046C000_1,18:30:00,22:35:00,720,0
051046C000_0,18:30:00,22:35:00,720,0
051046C000_1,5:05:00,18:30:00,660,0
051046C000_0,5:05:00,18:30:00,660,0
0530043000_1,5:25:00,22:00:00,2100,0
0530043000_0,5:25:00,22:00:00,2100,0
0520043000_1,19:00:00,22:00:00,2100,0
0520043000_0,19:00:00,22:00:00,2100,0
0520043000_1,5:25:00,19:00:00,1920,0
0520043000_0,5:25:00,19:00:00,1920,0
0510043000_1,5:25:00,22:20:00,1800,0
0510043000_0,5:25:00,22:20:00,1800,0
053039B000_1,18:00:00,22:40:00,700,0
053039B000_0,18:00:00,22:40:00,700,0
053039B000_1,9:00:00,18:00:00,900,0
053039B000_0,7:00:00,18:00:00,900,0
052039B000_1,18:00:00,22:40:00,480,0
052039B000_0,18:00:00,22:40:00,480,0
052039B000_1,7:00:00,18:00:00,600,0
052039B000_0,7:00:00,18:00:00,600,0
051039B000_1,19:00:00,22:40:00,360,0
051039B000_0,18:00:00,22:40:00,360,0
051039B000_1,7:00:00,19:00:00,480,0
051039B000_0,7:00:00,18:00:00,480,0
0530037000_1,19:00:00,24:30:00,1200,0
0530037000_0,19:00:00,24:30:00,1200,0
0530037000_1,4:15:00,19:00:00,1080,0
0530037000_0,4:15:00,19:00:00,1080,0
0520037000_1,19:00:00,24:30:00,960,0
0520037000_0,19:00:00,24:30:00,960,0
0520037000_1,4:15:00,19:00:00,900,0
0520037000_0,4:15:00,19:00:00,900,0
0510037000_1,19:00:00,24:55:00,660,0
0510037000_0,19:00:00,24:55:00,660,0
0510037000_1,3:55:00,19:00:00,600,0
0510037000_0,3:55:00,19:00:00,600,0
05B34BO000_1,6:00:00,24:00:00,480,0
05B34BO000_0,6:00:00,24:00:00,480,0
05A34BO000_1,5:00:00,24:00:00,480,0
05A34BO000_0,5:00:00,24:00:00,480,0
05334BO000_1,6:00:00,23:00:00,600,0
05334BO000_0,6:00:00,23:00:00,600,0
053034A000_1,20:00:00,23:40:00,900,0
053034A000_1,7:00:00,20:00:00,480,0
053034A000_0,20:00:00,23:40:00,900,0
053034A000_0,7:00:00,20:00:00,480,0
052034A000_1,20:00:00,24:40:00,720,0
052034A000_0,20:00:00,24:40:00,720,0
052034A000_1,6:00:00,20:00:00,360,0
052034A000_0,6:00:00,20:00:00,360,0
051034A000_1,20:00:00,22:00:00,600,0
051034A000_0,20:00:00,22:00:00,600,0
051034A000_1,5:35:00,20:00:00,300,0
051034A000_0,5:35:00,20:00:00,300,0
0530033000_1,6:50:00,24:00:00,2700,0
0530033000_0,6:50:00,24:00:00,2700,0
0520033000_1,6:30:00,21:30:00,2400,0
0520033000_0,6:30:00,21:30:00,2400,0
0510033000_1,4:40:00,21:55:00,1800,0
0510033000_0,4:40:00,21:55:00,1800,0
0550025000_1,18:30:00,21:30:00,900,0
0550025000_0,18:30:00,21:30:00,900,0
0550025000_1,6:15:00,18:30:00,600,0
0550025000_0,6:15:00,18:30:00,600,0
0510025000_1,19:00:00,22:05:00,900,0
0510025000_0,19:00:00,22:05:00,900,0
0510025000_1,5:15:00,19:00:00,600,0
0510025000_0,5:15:00,19:00:00,600,0
0550023000_1,5:40:00,22:15:00,660,0
0550023000_0,5:40:00,22:15:00,660,0
0510023000_1,4:30:00,23:00:00,360,0
0510023000_0,4:30:00,23:00:00,360,0
053200N000_1,20:00:00,24:30:00,1200,0
053200N000_0,20:00:00,24:30:00,1200,0
053200X000_1,5:30:00,20:00:00,900,0
053200X000_0,5:30:00,20:00:00,900,0
052200N000_1,20:00:00,24:30:00,900,0
052200N000_0,20:00:00,24:30:00,900,0
052200X000_1,5:30:00,20:00:00,600,0
052200X000_0,5:30:00,20:00:00,600,0
051200N000_1,25:00:00,29:00:00,900,0
051200N000_0,25:00:00,29:00:00,900,0
051200N000_1,20:00:00,24:30:00,600,0
051200N000_0,20:00:00,24:30:00,600,0
051200X000_1,5:00:00,20:00:00,360,0
051200X000_0,5:00:00,20:00:00,360,0
055019A000_1,19:00:00,23:00:00,4560,0
055019A000_0,19:00:00,23:00:00,4560,0
055019A000_1,6:00:00,19:00:00,2700,0
055019A000_0,6:00:00,19:00:00,2700,0
051019A000_1,19:00:00,23:00:00,4260,0
051019A000_0,19:00:00,23:00:00,4260,0
051019A000_1,5:25:00,19:00:00,2400,0
051019A000_0,5:25:00,19:00:00,2400,0
0550019000_1,19:00:00,23:00:00,5280,0
0550019000_0,19:00:00,23:00:00,5280,0
0550019000_1,6:00:00,19:00:00,2880,0
0550019000_0,6:00:00,19:00:00,2880,0
0510019000_1,19:00:00,23:00:00,4980,0
0510019000_0,19:00:00,23:00:00,4980,0
0510019000_1,6:00:00,19:00:00,2580,0
0510019000_0,5:25:00,19:00:00,2580,0
0550018000_1,5:35:00,23:20:00,1380,0
0550018000_0,5:35:00,23:20:00,1380,0
0510018000_1,5:05:00,23:20:00,1080,0
0510018000_0,5:05:00,23:20:00,1080,0
055017F000_1,19:00:00,24:25:00,4560,0
055017F000_0,19:00:00,24:25:00,4560,0
055017F000_1,5:25:00,19:00:00,2220,0
055017F000_0,5:25:00,19:00:00,2220,0
051017F000_1,19:00:00,24:40:00,4260,0
051017F000_0,19:00:00,24:40:00,4260,0
051017F000_1,5:25:00,19:00:00,1920,0
051017F000_0,5:25:00,19:00:00,1920,0
055017E000_1,19:00:00,24:00:00,3600,0
055017E000_0,19:00:00,24:00:00,3600,0
055017E000_1,4:45:00,19:00:00,1920,0
055017E000_0,4:45:00,19:00:00,1920,0
051017E000_1,19:00:00,24:10:00,3360,0
051017E000_0,19:00:00,24:10:00,3360,0
051017E000_1,4:40:00,19:00:00,1620,0
051017E000_0,4:40:00,19:00:00,1620,0
0530168000_1,19:30:00,21:50:00,720,0
0530168000_0,19:30:00,21:50:00,720,0
0530168000_1,5:30:00,19:30:00,600,0
0530168000_0,5:30:00,19:30:00,600,0
0520168000_1,19:30:00,21:50:00,480,0
0520168000_0,19:30:00,21:50:00,480,0
0520168000_1,5:30:00,19:30:00,360,0
0520168000_0,5:30:00,19:30:00,360,0
0510168000_1,5:20:00,22:05:00,180,0
0510168000_0,5:20:00,22:05:00,180,0
0550167000_1,19:00:00,21:00:00,4320,0
0550167000_0,19:00:00,21:00:00,4320,0
0550167000_1,6:00:00,19:00:00,3000,0
0550167000_0,6:00:00,19:00:00,3000,0
0510167000_1,19:00:00,21:00:00,4080,0
0510167000_0,19:00:00,21:00:00,4080,0
0510167000_1,6:00:00,19:00:00,2700,0
0510167000_0,6:00:00,19:00:00,2700,0
0550166000_1,19:00:00,21:00:00,4200,0
0550166000_0,19:00:00,21:00:00,4200,0
0550166000_1,6:00:00,19:00:00,2940,0
0550166000_0,6:00:00,19:00:00,2940,0
0510166000_1,19:20:00,21:00:00,3900,0
0510166000_0,19:20:00,21:00:00,3900,0
0510166000_1,5:50:00,19:20:00,2640,0
0510166000_0,5:50:00,19:20:00,2640,0
055165AE000_1,19:00:00,22:10:00,720,0
055165AE000_0,19:00:00,22:10:00,720,0
055165AO000_1,5:10:00,19:00:00,660,0
055165AO000_0,5:10:00,19:00:00,660,0
051165AE000_1,19:00:00,22:40:00,420,0
051165AE000_0,19:00:00,22:40:00,420,0
051165AO000_1,4:50:00,19:00:00,360,0
051165AO000_0,4:50:00,19:00:00,360,0
0530164000_1,19:00:00,22:00:00,8400,0
0530164000_0,19:00:00,22:00:00,8400,0
0530164000_1,5:45:00,19:00:00,3300,0
0530164000_0,5:45:00,19:00:00,3300,0
0520164000_1,19:00:00,22:00:00,4500,0
0520164000_0,19:00:00,22:00:00,4500,0
0520164000_1,5:45:00,19:00:00,3300,0
0520164000_0,5:45:00,19:00:00,3300,0
0510164000_1,19:00:00,22:00:00,6660,0
0510164000_0,19:00:00,22:00:00,6660,0
0510164000_1,5:45:00,19:00:00,2820,0
0510164000_0,5:45:00,19:00:00,2820,0
055163B000_1,19:00:00,21:00:00,4320,0
055163B000_0,19:00:00,21:00:00,4320,0
055163B000_1,6:00:00,19:00:00,3000,0
055163B000_0,6:00:00,19:00:00,3000,0
051163B000_1,19:00:00,21:00:00,4020,0
051163B000_0,19:00:00,21:00:00,4020,0
051163B000_1,6:00:00,19:00:00,2700,0
051163B000_0,6:00:00,19:00:00,2700,0
055163A000_1,19:00:00,21:00:00,5640,0
055163A000_0,19:00:00,21:00:00,5640,0
055163A000_1,6:00:00,19:00:00,3000,0
055163A000_0,6:00:00,19:00:00,3000,0
051163A000_1,19:00:00,21:00:00,5340,0
051163A000_0,19:00:00,21:00:00,5340,0
051163A000_1,6:00:00,19:00:00,2700,0
051163A000_0,6:00:00,19:00:00,2700,0
0550163000_1,19:00:00,21:00:00,5400,0
0550163000_0,19:00:00,21:00:00,5400,0
0550163000_1,6:00:00,19:00:00,2820,0
0550163000_0,6:00:00,19:00:00,2820,0
0510163000_1,19:00:00,21:00:00,5100,0
0510163000_0,19:00:00,21:00:00,5100,0
0510163000_1,6:00:00,19:00:00,2520,0
0510163000_0,6:00:00,19:00:00,2520,0
055162D000_1,19:00:00,24:45:00,2160,0
055162D000_0,19:00:00,24:45:00,2160,0
055162D000_1,4:55:00,19:00:00,1980,0
055162D000_0,4:55:00,19:00:00,1980,0
051162D000_1,19:00:00,24:45:00,1860,0
051162D000_0,19:00:00,24:45:00,1860,0
051162D000_1,4:55:00,19:00:00,1680,0
051162D000_0,4:55:00,19:00:00,1680,0
055162B000_1,19:00:00,21:00:00,6960,0
055162B000_0,19:00:00,21:00:00,6960,0
055162B000_1,6:00:00,19:00:00,3660,0
055162B000_0,6:00:00,19:00:00,3660,0
051162B000_1,19:00:00,21:00:00,6660,0
051162B000_0,19:00:00,21:00:00,6660,0
051162B000_1,6:00:00,19:00:00,3360,0
051162B000_0,6:00:00,19:00:00,3360,0
0550162000_1,18:30:00,21:45:00,3600,0
0550162000_0,18:30:00,21:45:00,3600,0
0550162000_1,5:55:00,18:30:00,2280,0
0550162000_0,5:55:00,18:30:00,2280,0
0510162000_1,19:00:00,22:15:00,3300,0
0510162000_0,19:00:00,22:15:00,3300,0
0510162000_1,5:25:00,19:00:00,1980,0
0510162000_0,5:25:00,19:00:00,1980,0
055161F000_1,18:00:00,20:00:00,2340,0
055161F000_0,18:00:00,20:00:00,2340,0
055161F000_1,5:50:00,18:00:00,1620,0
055161F000_0,5:50:00,18:00:00,1620,0
051161F000_1,19:00:00,22:10:00,2040,0
051161F000_0,19:00:00,22:10:00,2040,0
051161F000_1,5:50:00,19:00:00,1320,0
051161F000_0,5:50:00,19:00:00,1320,0
055161E000_1,18:30:00,21:50:00,2520,0
055161E000_0,18:30:00,21:50:00,2520,0
055161E000_1,7:10:00,18:30:00,2220,0
055161E000_0,7:10:00,18:30:00,2220,0
051161E000_1,18:30:00,21:50:00,2220,0
051161E000_0,18:30:00,21:50:00,2220,0
051161E000_1,5:40:00,18:30:00,1920,0
051161E000_0,5:40:00,18:30:00,1920,0
055161D000_1,18:30:00,21:10:00,3000,0
055161D000_0,18:30:00,21:10:00,3000,0
055161D000_1,5:10:00,18:30:00,1620,0
055161D000_0,5:10:00,18:30:00,1620,0
051161D000_1,18:30:00,21:40:00,2700,0
051161D000_0,18:30:00,21:40:00,2700,0
051161D000_1,5:10:00,18:30:00,1320,0
051161D000_0,5:10:00,18:30:00,1320,0
0550161000_1,18:00:00,21:00:00,3900,0
0550161000_0,18:00:00,21:00:00,3900,0
0550161000_1,5:10:00,18:00:00,2460,0
0550161000_0,5:10:00,18:00:00,2460,0
0510161000_1,18:00:00,21:00:00,3600,0
0510161000_0,18:00:00,21:00:00,3600,0
0510161000_1,5:10:00,18:00:00,2160,0
0510161000_0,5:10:00,18:00:00,2160,0
0550159000_1,19:00:00,22:30:00,2640,0
0550159000_0,19:00:00,22:30:00,2640,0
0550159000_1,5:00:00,19:00:00,1800,0
0550159000_0,5:00:00,19:00:00,1800,0
0510159000_1,19:00:00,22:30:00,2340,0
0510159000_0,19:00:00,22:30:00,2340,0
0510159000_1,5:00:00,19:00:00,1500,0
0510159000_0,5:00:00,19:00:00,1500,0
0550149000_1,19:00:00,22:00:00,3060,0
0550149000_0,19:00:00,22:00:00,3060,0
0550149000_1,5:00:00,19:00:00,3420,0
0550149000_0,5:00:00,19:00:00,3420,0
0510149000_1,19:00:00,23:15:00,2760,0
0510149000_0,19:00:00,23:15:00,2760,0
0510149000_1,4:20:00,19:00:00,3120,0
0510149000_0,4:20:00,19:00:00,3120,0
0550148000_1,19:00:00,22:00:00,7140,0
0550148000_0,19:00:00,22:00:00,7140,0
0550148000_1,5:00:00,19:00:00,3000,0
0550148000_0,5:00:00,19:00:00,3000,0
0510148000_1,19:00:00,24:30:00,6840,0
0510148000_0,19:00:00,24:30:00,6840,0
0510148000_1,4:00:00,19:00:00,2700,0
0510148000_0,4:00:00,19:00:00,2700,0
0550147000_1,18:30:00,22:30:00,5760,0
0550147000_0,18:30:00,22:30:00,5760,0
0550147000_1,5:30:00,18:30:00,2820,0
0550147000_0,5:30:00,18:30:00,2820,0
0510147000_1,19:00:00,23:05:00,5460,0
0510147000_0,19:00:00,23:05:00,5460,0
0510147000_1,4:35:00,19:00:00,2520,0
0510147000_0,4:35:00,19:00:00,2520,0
0550146000_1,18:30:00,22:30:00,4020,0
0550146000_0,18:30:00,22:30:00,4020,0
0550146000_1,5:22:00,18:30:00,2220,0
0550146000_0,5:22:00,18:30:00,2220,0
0510146000_1,19:00:00,23:00:00,3720,0
0510146000_0,19:00:00,23:00:00,3720,0
0510146000_1,4:50:00,19:00:00,1920,0
0510146000_0,4:50:00,19:00:00,1920,0
055145A000_1,19:00:00,23:00:00,3300,0
055145A000_0,19:00:00,23:00:00,3300,0
055145A000_1,5:00:00,19:00:00,2400,0
055145A000_0,5:00:00,19:00:00,2400,0
051145A000_1,19:00:00,24:20:00,3000,0
051145A000_0,19:00:00,24:20:00,3000,0
051145A000_1,4:50:00,19:00:00,2100,0
051145A000_0,4:50:00,19:00:00,2100,0
0550145000_1,19:00:00,22:00:00,2940,0
0550145000_0,19:00:00,22:00:00,2940,0
0550145000_1,5:00:00,19:00:00,1860,0
0550145000_0,5:00:00,19:00:00,1860,0
0510145000_1,19:00:00,24:00:00,2640,0
0510145000_0,19:00:00,24:00:00,2640,0
0510145000_1,5:00:00,19:00:00,1560,0
0510145000_0,5:00:00,19:00:00,1560,0
055144C000_1,19:00:00,22:00:00,1740,0
055144C000_0,19:00:00,22:00:00,1740,0
055144C000_1,5:00:00,19:00:00,1560,0
055144C000_0,5:00:00,19:00:00,1560,0
051144C000_1,19:00:00,22:50:00,1440,0
051144C000_0,19:00:00,22:50:00,1440,0
051144C000_1,3:40:00,19:00:00,1260,0
051144C000_0,3:40:00,19:00:00,1260,0
0550144000_1,18:30:00,22:00:00,3600,0
0550144000_0,18:30:00,22:00:00,3600,0
0550144000_1,4:40:00,18:30:00,2820,0
0550144000_0,4:40:00,18:30:00,2820,0
0510144000_1,19:00:00,24:05:00,3780,0
0510144000_0,19:00:00,24:05:00,3780,0
0510144000_1,4:30:00,19:00:00,2820,0
0510144000_0,4:30:00,19:00:00,2820,0
0550143000_1,19:00:00,23:00:00,2400,0
0550143000_0,19:00:00,23:00:00,2400,0
0550143000_1,5:00:00,19:00:00,2340,0
0550143000_0,5:00:00,19:00:00,2340,0
0510143000_1,19:00:00,24:30:00,2100,0
0510143000_0,19:00:00,24:30:00,2100,0
0510143000_1,4:20:00,19:00:00,2040,0
0510143000_0,4:20:00,19:00:00,2040,0
0550142000_1,19:00:00,23:00:00,1080,0
0550142000_0,19:00:00,23:00:00,1080,0
0550142000_1,5:00:00,19:00:00,900,0
0550142000_0,5:00:00,19:00:00,900,0
0510142000_1,19:00:00,23:15:00,780,0
0510142000_0,19:00:00,23:15:00,780,0
0510142000_1,4:15:00,19:00:00,600,0
0510142000_0,4:15:00,19:00:00,600,0
0550141000_1,7:00:00,22:40:00,5400,0
0550141000_0,7:00:00,22:40:00,5400,0
0510141000_1,7:00:00,22:40:00,5100,0
0510141000_0,7:00:00,22:40:00,5100,0
055134D000_1,19:00:00,24:00:00,4860,0
055134D000_0,19:00:00,24:00:00,4860,0
055134D000_1,5:00:00,19:00:00,4620,0
055134D000_0,5:00:00,19:00:00,4620,0
051134D000_1,19:00:00,24:50:00,4560,0
051134D000_0,19:00:00,24:50:00,4560,0
051134D000_1,4:20:00,19:00:00,4320,0
051134D000_0,4:20:00,19:00:00,4320,0
055134C000_1,19:00:00,24:00:00,6600,0
055134C000_0,19:00:00,24:00:00,6600,0
055134C000_1,5:00:00,19:00:00,3180,0
055134C000_0,5:00:00,19:00:00,3180,0
051134C000_1,18:30:00,20:30:00,6300,0
051134C000_0,18:30:00,20:30:00,6300,0
051134C000_1,4:55:00,18:30:00,2880,0
051134C000_0,4:55:00,18:30:00,2880,0
055134B000_1,19:00:00,24:00:00,4440,0
055134B000_0,19:00:00,24:00:00,4440,0
055134B000_1,5:20:00,19:00:00,2880,0
055134B000_0,5:20:00,19:00:00,2880,0
051134B000_1,19:00:00,21:40:00,4140,0
051134B000_0,19:00:00,21:40:00,4140,0
051134B000_1,5:20:00,19:00:00,2580,0
051134B000_0,5:20:00,19:00:00,2580,0
0550134000_1,19:00:00,25:00:00,4500,0
0550134000_0,19:00:00,25:00:00,4500,0
0550134000_1,4:30:00,19:00:00,2220,0
0550134000_0,4:30:00,19:00:00,2220,0
0510134000_1,18:00:00,20:30:00,4200,0
0510134000_0,18:00:00,20:30:00,4200,0
0510134000_1,4:30:00,18:00:00,1920,0
0510134000_0,4:30:00,18:00:00,1920,0
0530131000_1,19:00:00,23:40:00,900,0
0530131000_0,19:00:00,23:40:00,900,0
0530131000_1,4:40:00,19:00:00,840,0
0530131000_0,4:40:00,19:00:00,840,0
0520131000_1,19:00:00,23:40:00,600,0
0520131000_0,19:00:00,23:40:00,600,0
0520131000_1,4:40:00,19:00:00,540,0
0520131000_0,4:40:00,19:00:00,540,0
0510131000_1,19:00:00,24:35:00,300,0
0510131000_0,19:00:00,24:35:00,300,0
0510131000_1,4:15:00,19:00:00,240,0
0510131000_0,4:15:00,19:00:00,240,0
053013A000_1,19:00:00,25:00:00,960,0
053013A000_0,19:00:00,25:00:00,960,0
053013A000_1,4:40:00,19:00:00,900,0
053013A000_0,4:40:00,19:00:00,900,0
052013A000_1,19:00:00,25:00:00,660,0
052013A000_0,19:00:00,25:00:00,660,0
052013A000_1,4:40:00,19:00:00,600,0
052013A000_0,4:40:00,19:00:00,600,0
051013A000_1,19:00:00,24:40:00,360,0
051013A000_0,19:00:00,24:40:00,360,0
051013A000_1,4:20:00,19:00:00,300,0
051013A000_0,4:20:00,19:00:00,300,0
0550125000_1,19:00:00,24:00:00,3480,0
0550125000_0,19:00:00,24:00:00,3480,0
0510125000_1,19:00:00,24:30:00,3180,0
0510125000_0,19:00:00,24:30:00,3180,0
0550125000_1,4:55:00,19:00:00,2340,0
0550125000_0,4:55:00,19:00:00,2340,0
0510125000_1,4:55:00,19:00:00,2040,0
0510125000_0,4:55:00,19:00:00,2040,0
053124A000_1,18:00:00,20:45:00,2040,0
053124A000_0,18:00:00,20:45:00,2040,0
053124A000_1,6:00:00,18:00:00,1980,0
053124A000_0,6:00:00,18:00:00,1980,0
052124A000_1,18:00:00,20:45:00,1740,0
052124A000_0,18:00:00,20:45:00,1740,0
052124A000_1,6:00:00,18:00:00,1680,0
052124A000_0,6:00:00,18:00:00,1680,0
051124A000_1,19:00:00,24:50:00,1440,0
051124A000_0,19:00:00,24:50:00,1440,0
051124A000_1,4:50:00,19:00:00,1380,0
051124A000_0,4:50:00,19:00:00,1380,0
0530124000_1,18:30:00,21:00:00,1560,0
0530124000_0,18:30:00,21:00:00,1560,0
0530124000_1,5:45:00,18:30:00,1380,0
0530124000_0,5:45:00,18:30:00,1380,0
0520124000_1,18:30:00,21:00:00,1260,0
0520124000_0,18:30:00,21:00:00,1260,0
0520124000_1,5:45:00,18:30:00,1080,0
0520124000_0,5:45:00,18:30:00,1080,0
0510124000_1,19:00:00,24:45:00,960,0
0510124000_0,19:00:00,24:45:00,960,0
0510124000_1,4:35:00,19:00:00,780,0
0510124000_0,4:35:00,19:00:00,780,0
055123A000_1,19:00:00,24:00:00,7200,0
055123A000_0,19:00:00,24:00:00,7200,0
055123A000_1,5:55:00,19:00:00,2580,0
055123A000_0,5:55:00,19:00:00,2580,0
051123A000_1,19:00:00,24:40:00,6840,0
051123A000_0,19:00:00,24:40:00,6840,0
051123A000_1,5:55:00,19:00:00,2280,0
051123A000_0,5:55:00,19:00:00,2280,0
0530120000_1,18:30:00,21:45:00,1260,0
0530120000_0,18:30:00,21:45:00,1260,0
0530120000_1,5:15:00,18:30:00,1140,0
0530120000_0,5:15:00,18:30:00,1140,0
0520120000_1,18:30:00,21:45:00,960,0
0520120000_0,18:30:00,21:45:00,960,0
0520120000_1,5:15:00,18:30:00,840,0
0520120000_0,5:15:00,18:30:00,840,0
0510120000_1,19:00:00,24:15:00,660,0
0510120000_0,19:00:00,24:15:00,660,0
0510120000_1,4:35:00,19:00:00,540,0
0510120000_0,4:35:00,19:00:00,540,0
0550012000_1,19:00:00,21:30:00,5640,0
0550012000_0,19:00:00,21:30:00,5640,0
0510012000_1,19:00:00,21:30:00,5340,0
0510012000_0,19:00:00,21:30:00,5340,0
0550012000_1,5:40:00,19:00:00,3420,0
0550012000_0,5:40:00,19:00:00,3420,0
0510012000_1,5:10:00,19:00:00,3120,0
0510012000_0,5:10:00,19:00:00,3120,0
053119B000_1,5:45:00,20:45:00,1740,0
053119B000_0,5:45:00,20:45:00,1740,0
052119B000_1,5:45:00,20:45:00,1440,0
052119B000_0,5:45:00,20:45:00,1440,0
051119B000_1,4:45:00,23:40:00,1140,0
051119B000_0,4:45:00,23:40:00,1140,0
0550119000_1,18:30:00,20:00:00,3240,0
0550119000_0,18:30:00,20:00:00,3240,0
0550119000_1,5:30:00,18:30:00,1680,0
0550119000_0,5:30:00,18:30:00,1680,0
0510119000_1,18:30:00,21:10:00,2940,0
0510119000_0,18:30:00,21:10:00,2940,0
0510119000_1,5:30:00,18:30:00,1380,0
0510119000_0,5:30:00,18:30:00,1380,0
0550118000_1,18:30:00,20:45:00,4020,0
0550118000_0,18:30:00,20:45:00,4020,0
0550118000_1,5:45:00,18:30:00,2580,0
0550118000_0,5:45:00,18:30:00,2580,0
0510118000_1,19:00:00,23:40:00,3720,0
0510118000_0,19:00:00,23:40:00,3720,0
0510118000_1,4:45:00,19:00:00,2280,0
0510118000_0,4:45:00,19:00:00,2280,0
0530116000_1,19:00:00,21:00:00,3180,0
0530116000_0,19:00:00,21:00:00,3180,0
0530116000_1,5:30:00,19:00:00,2460,0
0530116000_0,5:30:00,19:00:00,2460,0
0520116000_1,18:00:00,21:00:00,2880,0
0520116000_0,18:00:00,21:00:00,2880,0
0520116000_1,5:30:00,18:00:00,2160,0
0520116000_0,5:30:00,18:00:00,2160,0
0510116000_1,19:00:00,23:55:00,2580,0
0510116000_0,19:00:00,23:55:00,2580,0
0510116000_1,4:35:00,19:00:00,1860,0
0510116000_0,4:35:00,19:00:00,1860,0
053115A000_1,19:00:00,22:10:00,2520,0
053115A000_0,19:00:00,22:10:00,2520,0
053115A000_1,5:40:00,19:00:00,2340,0
053115A000_0,5:40:00,19:00:00,2340,0
052115A000_1,19:00:00,22:10:00,2220,0
052115A000_0,19:00:00,22:10:00,2220,0
052115A000_1,5:40:00,19:00:00,2040,0
052115A000_0,5:40:00,19:00:00,2040,0
051115A000_1,19:00:00,22:10:00,1920,0
051115A000_0,19:00:00,22:10:00,1920,0
051115A000_1,5:40:00,19:00:00,1740,0
051115A000_0,5:40:00,19:00:00,1740,0
055115N000_1,18:30:00,19:15:00,3060,0
055115N000_0,18:30:00,19:15:00,3060,0
055115O000_1,5:15:00,18:30:00,2640,0
055115O000_0,5:15:00,18:30:00,2640,0
051115N000_1,18:30:00,24:00:00,2760,0
051115N000_0,19:00:00,24:00:00,2760,0
051115O000_1,5:00:00,18:30:00,2340,0
051115O000_0,5:00:00,19:00:00,2340,0
050115N000_1,24:00:00,29:00:00,900,0
050115N000_0,24:00:00,29:00:00,900,0
055113B000_1,19:00:00,22:00:00,1260,0
055113B000_0,19:00:00,22:00:00,1260,0
055113B000_1,5:00:00,19:00:00,1080,0
055113B000_0,5:00:00,19:00:00,1080,0
051113B000_1,19:00:00,22:30:00,960,0
051113B000_0,19:00:00,22:30:00,960,0
051113B000_1,4:45:00,19:00:00,780,0
051113B000_0,4:45:00,19:00:00,780,0
0550112000_1,18:30:00,20:00:00,2880,0
0550112000_0,18:30:00,20:00:00,2880,0
0510112000_1,18:30:00,21:40:00,2580,0
0510112000_0,18:30:00,21:40:00,2580,0
0550112000_1,5:30:00,18:30:00,2280,0
0550112000_0,5:30:00,18:30:00,2280,0
0510112000_1,5:30:00,18:30:00,1980,0
0510112000_0,5:30:00,18:30:00,1980,0
055110C000_1,19:00:00,21:45:00,4500,0
055110C000_0,19:00:00,21:45:00,4500,0
055110C000_1,5:30:00,19:00:00,2280,0
055110C000_0,5:30:00,19:00:00,2280,0
051110C000_1,19:00:00,22:30:00,4200,0
051110C000_0,19:00:00,22:30:00,4200,0
051110C000_1,5:00:00,19:00:00,1980,0
051110C000_0,5:00:00,19:00:00,1980,0
055110B000_1,19:00:00,21:45:00,4500,0
055110B000_0,19:00:00,21:45:00,4500,0
055110B000_1,5:30:00,19:00:00,4200,0
055110B000_0,5:30:00,19:00:00,4200,0
051110B000_1,19:00:00,22:30:00,3900,0
051110B000_0,19:00:00,22:30:00,3900,0
051110B000_1,5:00:00,19:00:00,3900,0
051110B000_0,5:00:00,19:00:00,3900,0
0550110000_1,19:00:00,21:45:00,3240,0
0550110000_0,19:00:00,21:45:00,3240,0
0550110000_1,5:30:00,19:00:00,2100,0
0550110000_0,5:30:00,19:00:00,2100,0
0510110000_1,19:00:00,22:30:00,2940,0
0510110000_0,19:00:00,22:30:00,2940,0
0510110000_1,5:00:00,19:00:00,1800,0
0510110000_0,5:00:00,19:00:00,1800,0
05511AN000_1,19:00:00,22:50:00,4920,0
05511AN000_0,19:00:00,22:50:00,4920,0
05511AX000_1,6:10:00,19:00:00,3060,0
05511AX000_0,6:10:00,19:00:00,3060,0
05111AN000_1,19:00:00,22:50:00,4620,0
05111AN000_0,19:00:00,22:50:00,4620,0
05111AX000_1,5:40:00,19:00:00,2760,0
05111AX000_0,5:40:00,19:00:00,2760,0
0550108000_1,18:30:00,21:20:00,3360,0
0550108000_0,18:30:00,21:20:00,3360,0
0510108000_1,19:00:00,21:40:00,1860,0
0510108000_0,19:00:00,21:40:00,1860,0
0550108000_1,6:20:00,18:30:00,3060,0
0550108000_0,6:20:00,18:30:00,3060,0
0510108000_1,5:20:00,19:00:00,1560,0
0510108000_0,5:20:00,19:00:00,1560,0
0550104000_1,19:00:00,22:00:00,2580,0
0550104000_0,19:00:00,22:00:00,2580,0
0550104000_1,6:10:00,19:00:00,2280,0
0550104000_0,6:10:00,19:00:00,2280,0
0510104000_1,19:00:00,22:30:00,1620,0
0510104000_0,19:00:00,22:30:00,1620,0
0510104000_1,5:10:00,19:00:00,1320,0
0510104000_0,5:10:00,19:00:00,1320,0
0550103000_1,19:00:00,21:30:00,2040,0
0550103000_0,19:00:00,21:30:00,2040,0
0550103000_1,5:50:00,19:00:00,1740,0
0550103000_0,5:50:00,19:00:00,1740,0
0510103000_1,19:00:00,24:00:00,1860,0
0510103000_0,19:00:00,24:00:00,1860,0
0510103000_1,4:00:00,19:00:00,1560,0
0510103000_0,4:00:00,19:00:00,1560,0
0550102000_1,18:30:00,21:30:00,1500,0
0550102000_0,18:30:00,21:30:00,1500,0
0550102000_1,6:20:00,18:30:00,1200,0
0550102000_0,6:20:00,18:30:00,1200,0
0510102000_1,19:00:00,22:10:00,1140,0
0510102000_0,19:00:00,22:10:00,1140,0
0510102000_1,4:50:00,19:00:00,840,0
0510102000_0,4:50:00,19:00:00,840,0
055101D000_1,5:30:00,18:30:00,1800,0
055101D000_0,5:30:00,18:30:00,1800,0
051101D000_1,5:00:00,18:30:00,1920,0
051101D000_0,5:00:00,18:30:00,1920,0
055101B000_1,18:30:00,21:25:00,3900,0
055101B000_0,18:30:00,21:25:00,3900,0
055101B000_1,5:50:00,18:30:00,3600,0
055101B000_0,5:50:00,18:30:00,3600,0
051101B000_1,18:30:00,21:30:00,2100,0
051101B000_0,18:30:00,21:30:00,2100,0
051101B000_1,5:16:00,18:30:00,1800,0
051101B000_0,5:16:00,18:30:00,1800,0
055101A000_1,19:00:00,21:30:00,2520,0
055101A000_0,19:00:00,21:30:00,2520,0
055101A000_1,6:50:00,19:00:00,2220,0
055101A000_0,6:50:00,19:00:00,2220,0
051101A000_1,19:00:00,21:55:00,2340,0
051101A000_0,19:00:00,21:55:00,2340,0
051101A000_1,4:40:00,19:00:00,2040,0
051101A000_0,4:40:00,19:00:00,2040,0
0550101000_1,18:30:00,21:00:00,4320,0
0550101000_0,18:30:00,21:00:00,4320,0
0550101000_1,5:50:00,18:30:00,4020,0
0550101000_0,5:50:00,18:30:00,4020,0
0510101000_1,18:30:00,21:15:00,2160,0
0510101000_0,18:30:00,21:15:00,2160,0
0510101000_1,5:50:00,18:30:00,1860,0
0510101000_0,5:50:00,18:30:00,1860,0
0230L12000_1,7:00:00,24:00:00,180,0
0230L12000_0,7:00:00,24:00:00,180,0
0220L12000_1,6:00:00,24:00:00,150,0
0220L12000_0,6:00:00,24:00:00,150,0
0210L12000_1,5:00:00,24:00:00,120,0
0210L12000_0,5:00:00,24:00:00,120,0
02300L1000_1,7:00:00,24:00:00,240,0
02300L1000_0,7:00:00,24:00:00,240,0
02200L1000_1,6:00:00,24:00:00,240,0
02200L1000_0,6:00:00,24:00:00,240,0
02100L1000_1,5:00:00,24:00:00,240,0
02100L1000_0,5:00:00,24:00:00,240,0
051165AX000_1,4:50:00,19:00:00,360,0
051165AX000_0,4:50:00,19:00:00,360,0
055165AX000_1,5:10:00,19:00:00,660,0
055165AX000_0,5:10:00,19:00:00,660,0
05B34BE000_1,6:00:00,24:00:00,480,0
05B34BE000_0,6:00:00,24:00:00,480,0
05A34BE000_1,5:00:00,24:00:00,480,0
05A34BE000_0,5:00:00,24:00:00,480,0
05334BE000_1,6:00:00,23:00:00,600,0
05334BE000_0,6:00:00,23:00:00,600,0
03100L6002_0,4:30:00,23:18:00,300,0
03100L6002_1,4:47:00,23:02:00,300,0
