trip_id,arrival_time,departure_time,stop_id,stop_sequence,timepoint
02100L1000_0,00:00:00,00:00:00,0200L1-OBSERVATORIO,1,0
02100L1000_0,00:02:50,00:02:50,0200L1-TACUBAYA,2,0
02100L1000_0,00:05:24,00:05:24,0200L1-JUANACATLAN,3,0
02100L1000_0,00:07:36,00:07:36,0200L1-CHAPULTEPEC,4,0
02100L1000_0,00:08:43,00:08:43,0200L1-SEVILLA,5,0
02100L1000_0,00:10:22,00:10:22,0200L1-INSURGENTES,6,0
02100L1000_0,00:12:13,00:12:13,0200L1-CUAUHTEMOC,7,0
02100L1000_0,00:13:18,00:13:18,0200L1-BALDERAS,8,0
02100L1000_0,00:14:34,00:14:34,0200L1-SALTODELAGUA,9,0
02100L1000_0,00:15:43,00:15:43,0200L1-ISABELLACA,10,0
02100L1000_0,00:16:47,00:16:47,0200L1-PINOSUAREZ,11,0
02100L1000_0,00:18:23,00:18:23,0200L1-MERCED,12,0
02100L1000_0,00:20:04,00:20:04,0200L1-CANDELARIA,13,0
02100L1000_0,00:22:08,00:22:08,0200L1-SANLAZARO,14,0
02100L1000_0,00:23:19,00:23:19,0200L1_MOCTEZUMA,15,0
02100L1000_0,00:24:57,00:24:57,0200L1-BALBUENA,16,0
02100L1000_0,00:26:29,00:26:29,0200L1-PTOAEREO,17,0
02100L1000_0,00:27:56,00:27:56,0200L1-GOMEZFARIAS,18,0
02100L1000_0,00:29:50,00:29:50,0200L1-ZARAGOZA,19,0
02100L1000_0,00:32:38,00:32:38,0200L1-PANTITLAN,20,0
02100L1000_1,00:00:00,00:00:00,0200L1-PANTITLAN,1,0
02100L1000_1,00:02:48,00:02:48,0200L1-ZARAGOZA,2,0
02100L1000_1,00:04:42,00:04:42,0200L1-GOMEZFARIAS,3,0
02100L1000_1,00:06:09,00:06:09,0200L1-PTOAEREO,4,0
02100L1000_1,00:07:41,00:07:41,0200L1-BALBUENA,5,0
02100L1000_1,00:09:19,00:09:19,0200L1_MOCTEZUMA,6,0
02100L1000_1,00:10:30,00:10:30,0200L1-SANLAZARO,7,0
02100L1000_1,00:12:34,00:12:34,0200L1-CANDELARIA,8,0
02100L1000_1,00:14:15,00:14:15,0200L1-MERCED,9,0
02100L1000_1,00:15:51,00:15:51,0200L1-PINOSUAREZ,10,0
02100L1000_1,00:16:55,00:16:55,0200L1-ISABELLACA,11,0
02100L1000_1,00:18:04,00:18:04,0200L1-SALTODELAGUA,12,0
02100L1000_1,00:19:20,00:19:20,0200L1-BALDERAS,13,0
02100L1000_1,00:20:25,00:20:25,0200L1-CUAUHTEMOC,14,0
02100L1000_1,00:22:16,00:22:16,0200L1-INSURGENTES,15,0
02100L1000_1,00:23:55,00:23:55,0200L1-SEVILLA,16,0
02100L1000_1,00:25:02,00:25:02,0200L1-CHAPULTEPEC,17,0
02100L1000_1,00:27:14,00:27:14,0200L1-JUANACATLAN,18,0
02100L1000_1,00:29:48,00:29:48,0200L1-TACUBAYA,19,0
02100L1000_1,00:32:38,00:32:38,0200L1-OBSERVATORIO,20,0
02100L2000_0,00:00:00,00:00:00,0200L2-CUATROCAMIN,1,0
02100L2000_0,00:03:19,00:03:19,0200L2-PANTEONES,2,0
02100L2000_0,00:06:14,00:06:14,0200L2-TACUBA,3,0
02100L2000_0,00:07:38,00:07:38,0200L2-CUITLAHUAC,4,0
02100L2000_0,00:09:06,00:09:06,0200L2-POPOTLA,5,0
02100L2000_0,00:10:09,00:10:09,0200L2-COLMILITAR,6,0
02100L2000_0,00:11:29,00:11:29,0200L2-NORMAL,7,0
02100L2000_0,00:12:53,00:12:53,0200L2-SANCOSME,8,0
02100L2000_0,00:14:15,00:14:15,0200L2-REVOLUCION,9,0
02100L2000_0,00:15:39,00:15:39,0200L2-HIDALGO,10,0
02100L2000_0,00:16:46,00:16:46,0200L2-BELLASARTES,11,0
02100L2000_0,00:17:42,00:17:42,0200L2-ALLENDE,12,0
02100L2000_0,00:19:05,00:19:05,0200L2-ZOCALO,13,0
02100L2000_0,00:20:45,00:20:45,0200L2-PINOSUAREZ,14,0
02100L2000_0,00:22:33,00:22:33,0200L2-SANANTONIO,15,0
02100L2000_0,00:23:58,00:23:58,0200L2-CHABACANO,16,0
02100L2000_0,00:25:41,00:25:41,0200L2-VIADUCTO,17,0
02100L2000_0,00:26:51,00:26:51,0200L2-XOLA,18,0
02100L2000_0,00:28:26,00:28:26,0200L2-VILLADECORT,19,0
02100L2000_0,00:29:59,00:29:59,0200L2-NATIVITAS,20,0
02100L2000_0,00:32:05,00:32:05,0200L2-PORTALES,21,0
02100L2000_0,00:33:44,00:33:44,0200L2-ERMITA,22,0
02100L2000_0,00:35:34,00:35:34,0200L2-GRALANAYA,23,0
02100L2000_0,00:38:21,00:38:21,0200L2-TASQUENA,24,0
02100L2000_1,00:00:00,00:00:00,0200L2-TASQUENA,1,0
02100L2000_1,00:02:47,00:02:47,0200L2-GRALANAYA,2,0
02100L2000_1,00:04:37,00:04:37,0200L2-ERMITA,3,0
02100L2000_1,00:06:16,00:06:16,0200L2-PORTALES,4,0
02100L2000_1,00:08:22,00:08:22,0200L2-NATIVITAS,5,0
02100L2000_1,00:09:55,00:09:55,0200L2-VILLADECORT,6,0
02100L2000_1,00:11:30,00:11:30,0200L2-XOLA,7,0
02100L2000_1,00:12:40,00:12:40,0200L2-VIADUCTO,8,0
02100L2000_1,00:14:23,00:14:23,0200L2-CHABACANO,9,0
02100L2000_1,00:15:48,00:15:48,0200L2-SANANTONIO,10,0
02100L2000_1,00:17:36,00:17:36,0200L2-PINOSUAREZ,11,0
02100L2000_1,00:19:16,00:19:16,0200L2-ZOCALO,12,0
02100L2000_1,00:20:39,00:20:39,0200L2-ALLENDE,13,0
02100L2000_1,00:21:35,00:21:35,0200L2-BELLASARTES,14,0
02100L2000_1,00:22:42,00:22:42,0200L2-HIDALGO,15,0
02100L2000_1,00:24:06,00:24:06,0200L2-REVOLUCION,16,0
02100L2000_1,00:25:28,00:25:28,0200L2-SANCOSME,17,0
02100L2000_1,00:26:52,00:26:52,0200L2-NORMAL,18,0
02100L2000_1,00:28:12,00:28:12,0200L2-COLMILITAR,19,0
02100L2000_1,00:29:15,00:29:15,0200L2-POPOTLA,20,0
02100L2000_1,00:30:43,00:30:43,0200L2-CUITLAHUAC,21,0
02100L2000_1,00:32:07,00:32:07,0200L2-TACUBA,22,0
02100L2000_1,00:35:02,00:35:02,0200L2-PANTEONES,23,0
02100L2000_1,00:38:21,00:38:21,0200L2-CUATROCAMIN,24,0
02100L3000_0,00:00:00,00:00:00,0200L3-INDIOSVERD,1,0
02100L3000_0,00:02:25,00:02:25,0200L3-DTVO18MARZO,2,0
02100L3000_0,00:04:27,00:04:27,0200L3-POTRERO,3,0
02100L3000_0,00:06:40,00:06:40,0200L3-LARAZA,4,0
02100L3000_0,00:09:39,00:09:39,0200L3-TLATELOLCO,5,0
02100L3000_0,00:11:47,00:11:47,0200L3-GUERRERO,6,0
02100L3000_0,00:13:18,00:13:18,0200L3-HIDALGO,7,0
02100L3000_0,00:14:09,00:14:09,0200L3-JUAREZ,8,0
02100L3000_0,00:15:33,00:15:33,0200L3-BALDERAS,9,0
02100L3000_0,00:16:59,00:16:59,0200L3-NINOSHEROES,10,0
02100L3000_0,00:18:24,00:18:24,0200L3-HOSPITALGRAL,11,0
02100L3000_0,00:19:46,00:19:46,0200L3-CENTROMEDICO,12,0
02100L3000_0,00:22:10,00:22:10,0200L3-ETIOPIA,13,0
02100L3000_0,00:24:09,00:24:09,0200L3-EUGENIA,14,0
02100L3000_0,00:25:38,00:25:38,0200L3-DIVISIONNTE,15,0
02100L3000_0,00:27:31,00:27:31,0200L3-ZAPATA,16,0
02100L3000_0,00:29:51,00:29:51,0200L3-COYOACAN,17,0
02100L3000_0,00:31:45,00:31:45,0200L3-VIVEROS,18,0
02100L3000_0,00:33:33,00:33:33,0200L3-MAQ,19,0
02100L3000_0,00:36:15,00:36:15,0200L3-COPILCO,20,0
02100L3000_0,00:38:53,00:38:53,0200L3-UNIVERSIDAD,21,0
02100L3000_1,00:00:00,00:00:00,0200L3-UNIVERSIDAD,1,0
02100L3000_1,00:02:38,00:02:38,0200L3-COPILCO,2,0
02100L3000_1,00:05:20,00:05:20,0200L3-MAQ,3,0
02100L3000_1,00:07:08,00:07:08,0200L3-VIVEROS,4,0
02100L3000_1,00:09:02,00:09:02,0200L3-COYOACAN,5,0
02100L3000_1,00:11:22,00:11:22,0200L3-ZAPATA,6,0
02100L3000_1,00:13:15,00:13:15,0200L3-DIVISIONNTE,7,0
02100L3000_1,00:14:44,00:14:44,0200L3-EUGENIA,8,0
02100L3000_1,00:16:43,00:16:43,0200L3-ETIOPIA,9,0
02100L3000_1,00:19:07,00:19:07,0200L3-CENTROMEDICO,10,0
02100L3000_1,00:20:29,00:20:29,0200L3-HOSPITALGRAL,11,0
02100L3000_1,00:21:54,00:21:54,0200L3-NINOSHEROES,12,0
02100L3000_1,00:23:20,00:23:20,0200L3-BALDERAS,13,0
02100L3000_1,00:24:44,00:24:44,0200L3-JUAREZ,14,0
02100L3000_1,00:25:35,00:25:35,0200L3-HIDALGO,15,0
02100L3000_1,00:27:06,00:27:06,0200L3-GUERRERO,16,0
02100L3000_1,00:29:14,00:29:14,0200L3-TLATELOLCO,17,0
02100L3000_1,00:32:13,00:32:13,0200L3-LARAZA,18,0
02100L3000_1,00:34:26,00:34:26,0200L3-POTRERO,19,0
02100L3000_1,00:36:28,00:36:28,0200L3-DTVO18MARZO,20,0
02100L3000_1,00:38:53,00:38:53,0200L3-INDIOSVERD,21,0
02100L4000_0,00:00:00,00:00:00,0200L4-SNTAANITA,1,0
02100L4000_0,00:01:30,00:01:30,0200L4-JAMAICA,2,0
02100L4000_0,00:03:31,00:03:31,0200L4-FRAYSERVANDO,3,0
02100L4000_0,00:04:52,00:04:52,0200L4-CANDELARIA,4,0
02100L4000_0,00:06:56,00:06:56,0200L4-MORELOS,5,0
02100L4000_0,00:08:43,00:08:43,0200L4-CANALNTE,6,0
02100L4000_0,00:10:28,00:10:28,0200L4-CONSULADO,7,0
02100L4000_0,00:11:45,00:11:45,0200L4-BONDOJITO,8,0
02100L4000_0,00:13:43,00:13:43,0200L4-TALISMAN,9,0
02100L4000_0,00:15:52,00:15:52,0200L4-MARTINCARR,10,0
02100L4000_1,00:00:00,00:00:00,0200L4-MARTINCARR,1,0
02100L4000_1,00:02:09,00:02:09,0200L4-TALISMAN,2,0
02100L4000_1,00:04:07,00:04:07,0200L4-BONDOJITO,3,0
02100L4000_1,00:05:24,00:05:24,0200L4-CONSULADO,4,0
02100L4000_1,00:07:09,00:07:09,0200L4-CANALNTE,5,0
02100L4000_1,00:08:56,00:08:56,0200L4-MORELOS,6,0
02100L4000_1,00:11:00,00:11:00,0200L4-CANDELARIA,7,0
02100L4000_1,00:12:21,00:12:21,0200L4-FRAYSERVANDO,8,0
02100L4000_1,00:14:22,00:14:22,0200L4-JAMAICA,9,0
02100L4000_1,00:15:52,00:15:52,0200L4-SNTAANITA,10,0
02100L5000_0,00:00:00,00:00:00,0200L5-POLITECNICO,1,0
02100L5000_0,00:02:15,00:02:15,0200L5-ITOPETROLEO,2,0
02100L5000_0,00:04:17,00:04:17,0200L5-AUTOBUSESNTE,3,0
02100L5000_0,00:06:11,00:06:11,0200L5-LARAZA,4,0
02100L5000_0,00:07:51,00:07:51,0200L5-MISTERIOS,5,0
02100L5000_0,00:09:55,00:09:55,0200L5-VALLEGOMEZ,6,0
02100L5000_0,00:11:11,00:11:11,0200L5-CONSULADO,7,0
02100L5000_0,00:12:48,00:12:48,0200L5-EDUARDOMOLI,8,0
02100L5000_0,00:14:30,00:14:30,0200L5-ARAGON,9,0
02100L5000_0,00:16:44,00:16:44,0200L5-OCEANIA,10,0
02100L5000_0,00:18:54,00:18:54,0200L5-TNALAEREA,11,0
02100L5000_0,00:21:14,00:21:14,0200L5-HANGARES,12,0
02100L5000_0,00:24:14,00:24:14,0200L5-PANTITLAN,13,0
02100L5000_1,00:00:00,00:00:00,0200L5-PANTITLAN,1,0
02100L5000_1,00:03:00,00:03:00,0200L5-HANGARES,2,0
02100L5000_1,00:05:20,00:05:20,0200L5-TNALAEREA,3,0
02100L5000_1,00:07:30,00:07:30,0200L5-OCEANIA,4,0
02100L5000_1,00:09:44,00:09:44,0200L5-ARAGON,5,0
02100L5000_1,00:11:26,00:11:26,0200L5-EDUARDOMOLI,6,0
02100L5000_1,00:13:03,00:13:03,0200L5-CONSULADO,7,0
02100L5000_1,00:14:19,00:14:19,0200L5-VALLEGOMEZ,8,0
02100L5000_1,00:16:23,00:16:23,0200L5-MISTERIOS,9,0
02100L5000_1,00:18:03,00:18:03,0200L5-LARAZA,10,0
02100L5000_1,00:19:57,00:19:57,0200L5-AUTOBUSESNTE,11,0
02100L5000_1,00:21:59,00:21:59,0200L5-ITOPETROLEO,12,0
02100L5000_1,00:24:14,00:24:14,0200L5-POLITECNICO,13,0
02100L6000_0,00:00:00,00:00:00,0200L6-ELROSARIO,1,0
02100L6000_0,00:02:11,00:02:11,0200L6-TEZOZOMOC,2,0
02100L6000_0,00:03:56,00:03:56,0200L6-AZCAPOTZALCO,3,0
02100L6000_0,00:05:58,00:05:58,0200L6-FERRERIA,4,0
02100L6000_0,00:07:53,00:07:53,0200L6-NORTE45,5,0
02100L6000_0,00:09:11,00:09:11,0200L6-VALLEJO,6,0
02100L6000_0,00:10:35,00:10:35,0200L6-ITOPETROLEO,7,0
02100L6000_0,00:12:47,00:12:47,0200L6-LINDAVISTA,8,0
02100L6000_0,00:14:36,00:14:36,0200L6-DTVO18MARZO,9,0
02100L6000_0,00:15:46,00:15:46,0200L6-LAVILLA,10,0
02100L6000_0,00:17:43,00:17:43,0200L6-MARTINCARR,11,0
02100L6000_1,00:00:00,00:00:00,0200L6-MARTINCARR,1,0
02100L6000_1,00:01:57,00:01:57,0200L6-LAVILLA,2,0
02100L6000_1,00:03:07,00:03:07,0200L6-DTVO18MARZO,3,0
02100L6000_1,00:04:56,00:04:56,0200L6-LINDAVISTA,4,0
02100L6000_1,00:07:08,00:07:08,0200L6-ITOPETROLEO,5,0
02100L6000_1,00:08:32,00:08:32,0200L6-VALLEJO,6,0
02100L6000_1,00:09:50,00:09:50,0200L6-NORTE45,7,0
02100L6000_1,00:11:45,00:11:45,0200L6-FERRERIA,8,0
02100L6000_1,00:13:47,00:13:47,0200L6-AZCAPOTZALCO,9,0
02100L6000_1,00:15:32,00:15:32,0200L6-TEZOZOMOC,10,0
02100L6000_1,00:17:43,00:17:43,0200L6-ELROSARIO,11,0
02100L7000_0,00:00:00,00:00:00,0200L7-ELROSARIO,1,0
02100L7000_0,00:02:56,00:02:56,0200L7-AQUILESSERD,2,0
02100L7000_0,00:05:22,00:05:22,0200L7-CAMARONES,3,0
02100L7000_0,00:07:06,00:07:06,0200L7-REFINERIA,4,0
02100L7000_0,00:09:28,00:09:28,0200L7-TACUBA,5,0
02100L7000_0,00:12:02,00:12:02,0200L7-SANJOAQUIN,6,0
02100L7000_0,00:14:10,00:14:10,0200L7-POLANCO,7,0
02100L7000_0,00:15:34,00:15:34,0200L7-AUDITORIO,8,0
02100L7000_0,00:18:15,00:18:15,0200L7-CONSTITUYENTES,9,0
02100L7000_0,00:20:08,00:20:08,0200L7-TACUBAYA,10,0
02100L7000_0,00:22:09,00:22:09,0200L7-SANPEDROPINOS,11,0
02100L7000_0,00:23:26,00:23:26,0200L7-SANANTONIO,12,0
02100L7000_0,00:24:53,00:24:53,0200L7-MIXCOAC,13,0
02100L7000_0,00:27:33,00:27:33,0200L7-BARRANCA,14,0
02100L7000_1,00:00:00,00:00:00,0200L7-BARRANCA,1,0
02100L7000_1,00:02:40,00:02:40,0200L7-MIXCOAC,2,0
02100L7000_1,00:04:07,00:04:07,0200L7-SANANTONIO,3,0
02100L7000_1,00:05:24,00:05:24,0200L7-SANPEDROPINOS,4,0
02100L7000_1,00:07:25,00:07:25,0200L7-TACUBAYA,5,0
02100L7000_1,00:09:18,00:09:18,0200L7-CONSTITUYENTES,6,0
02100L7000_1,00:11:59,00:11:59,0200L7-AUDITORIO,7,0
02100L7000_1,00:13:23,00:13:23,0200L7-POLANCO,8,0
02100L7000_1,00:15:31,00:15:31,0200L7-SANJOAQUIN,9,0
02100L7000_1,00:18:05,00:18:05,0200L7-TACUBA,10,0
02100L7000_1,00:20:27,00:20:27,0200L7-REFINERIA,11,0
02100L7000_1,00:22:11,00:22:11,0200L7-CAMARONES,12,0
02100L7000_1,00:24:37,00:24:37,0200L7-AQUILESSERD,13,0
02100L7000_1,00:27:33,00:27:33,0200L7-ELROSARIO,14,0
02100L8000_0,00:00:00,00:00:00,0200L8-GARIBALDI,1,0
02100L8000_0,00:01:23,00:01:23,0200L8-BELLASARTES,2,0
02100L8000_0,00:02:26,00:02:26,0200L8-SANJUANLETRAN,3,0
02100L8000_0,00:03:11,00:03:11,0200L8-SALTOAGUA,4,0
02100L8000_0,00:04:24,00:04:24,0200L8-DOCTORES,5,0
02100L8000_0,00:06:01,00:06:01,0200L8-OBRERA,6,0
02100L8000_0,00:08:17,00:08:17,0200L8-CHABACANO,7,0
02100L8000_0,00:09:58,00:09:58,0200L8-LAVIGA,8,0
02100L8000_0,00:11:20,00:11:20,0200L8-STAANITA,9,0
02100L8000_0,00:13:22,00:13:22,0200L8-COYUYA,10,0
02100L8000_0,00:15:22,00:15:22,0200L8-IZTACALCO,11,0
02100L8000_0,00:17:13,00:17:13,0200L8-APATLACO,12,0
02100L8000_0,00:18:24,00:18:24,0200L8-ACULCO,13,0
02100L8000_0,00:20:03,00:20:03,0200L8-ESCUADRON,14,0
02100L8000_0,00:23:21,00:23:21,0200L8-ATLALILCO,15,0
02100L8000_0,00:24:50,00:24:50,0200L8-IZTAPALAPA,16,0
02100L8000_0,00:26:26,00:26:26,0200L8-CERROESTRELLA,17,0
02100L8000_0,00:28:38,00:28:38,0200L8-UAM-I,18,0
02100L8000_0,00:30:53,00:30:53,0200L8-CONST1917,19,0
02100L8000_1,00:00:00,00:00:00,0200L8-CONST1917,1,0
02100L8000_1,00:02:15,00:02:15,0200L8-UAM-I,2,0
02100L8000_1,00:04:27,00:04:27,0200L8-CERROESTRELLA,3,0
02100L8000_1,00:06:03,00:06:03,0200L8-IZTAPALAPA,4,0
02100L8000_1,00:07:32,00:07:32,0200L8-ATLALILCO,5,0
02100L8000_1,00:10:50,00:10:50,0200L8-ESCUADRON,6,0
02100L8000_1,00:12:29,00:12:29,0200L8-ACULCO,7,0
02100L8000_1,00:13:40,00:13:40,0200L8-APATLACO,8,0
02100L8000_1,00:15:31,00:15:31,0200L8-IZTACALCO,9,0
02100L8000_1,00:17:31,00:17:31,0200L8-COYUYA,10,0
02100L8000_1,00:19:33,00:19:33,0200L8-STAANITA,11,0
02100L8000_1,00:20:55,00:20:55,0200L8-LAVIGA,12,0
02100L8000_1,00:22:36,00:22:36,0200L8-CHABACANO,13,0
02100L8000_1,00:24:52,00:24:52,0200L8-OBRERA,14,0
02100L8000_1,00:26:29,00:26:29,0200L8-DOCTORES,15,0
02100L8000_1,00:27:42,00:27:42,0200L8-SALTOAGUA,16,0
02100L8000_1,00:28:27,00:28:27,0200L8-SANJUANLETRAN,17,0
02100L8000_1,00:29:30,00:29:30,0200L8-BELLASARTES,18,0
02100L8000_1,00:30:53,00:30:53,0200L8-GARIBALDI,19,0
02100L9000_0,00:00:00,00:00:00,0200L9-PANTITLAN,1,0
02100L9000_0,00:02:47,00:02:47,0200L9-PUEBLA,2,0
02100L9000_0,00:04:29,00:04:29,0200L9-CIUDADDVA,3,0
02100L9000_0,00:06:46,00:06:46,0200L9-VELODROMO,4,0
02100L9000_0,00:08:38,00:08:38,0200L9-MIXIUHCA,5,0
02100L9000_0,00:10:25,00:10:25,0200L9-JAMAICA,6,0
02100L9000_0,00:12:37,00:12:37,0200L9-CHABACANO,7,0
02100L9000_0,00:14:40,00:14:40,0200L9-LAZAROCAR,8,0
02100L9000_0,00:16:50,00:16:50,0200L9-CENTROMEDICO,9,0
02100L9000_0,00:19:12,00:19:12,0200L9-CHILPANCINGO,10,0
02100L9000_0,00:21:11,00:21:11,0200L9-PATRIOTISMO,11,0
02100L9000_0,00:23:21,00:23:21,0200L9-TACUBAYA,12,0
02100L9000_1,00:00:00,00:00:00,0200L9-TACUBAYA,1,0
02100L9000_1,00:02:10,00:02:10,0200L9-PATRIOTISMO,2,0
02100L9000_1,00:04:09,00:04:09,0200L9-CHILPANCINGO,3,0
02100L9000_1,00:06:31,00:06:31,0200L9-CENTROMEDICO,4,0
02100L9000_1,00:08:41,00:08:41,0200L9-LAZAROCAR,5,0
02100L9000_1,00:10:44,00:10:44,0200L9-CHABACANO,6,0
02100L9000_1,00:12:56,00:12:56,0200L9-JAMAICA,7,0
02100L9000_1,00:14:43,00:14:43,0200L9-MIXIUHCA,8,0
02100L9000_1,00:16:35,00:16:35,0200L9-VELODROMO,9,0
02100L9000_1,00:18:52,00:18:52,0200L9-CIUDADDVA,10,0
02100L9000_1,00:20:34,00:20:34,0200L9-PUEBLA,11,0
02100L9000_1,00:23:21,00:23:21,0200L9-PANTITLAN,12,0
02100LA000_0,00:00:00,00:00:00,0200LA-PANTITLAN,1,0
02100LA000_0,00:02:33,00:02:33,0200LA-AGRICOLA,2,0
02100LA000_0,00:04:36,00:04:36,0200LA-CANALSANJUAN,3,0
02100LA000_0,00:07:15,00:07:15,0200LA-TEPALCATES,4,0
02100LA000_0,00:09:24,00:09:24,0200LA-GUELATAO,5,0
02100LA000_0,00:13:17,00:13:17,0200LA-PENONVIEJO,6,0
02100LA000_0,00:15:48,00:15:48,0200LA-ACATITLA,7,0
02100LA000_0,00:17:51,00:17:51,0200LA-STAMARTA,8,0
02100LA000_0,00:21:02,00:21:02,0200LA-LOSREYES,9,0
02100LA000_0,00:24:30,00:24:30,0200LA-LAPAZ,10,0
02100LA000_1,00:00:00,00:00:00,0200LA-LAPAZ,1,0
02100LA000_1,00:03:28,00:03:28,0200LA-LOSREYES,2,0
02100LA000_1,00:06:39,00:06:39,0200LA-STAMARTA,3,0
02100LA000_1,00:08:42,00:08:42,0200LA-ACATITLA,4,0
02100LA000_1,00:11:13,00:11:13,0200LA-PENONVIEJO,5,0
02100LA000_1,00:15:06,00:15:06,0200LA-GUELATAO,6,0
02100LA000_1,00:17:15,00:17:15,0200LA-TEPALCATES,7,0
02100LA000_1,00:19:54,00:19:54,0200LA-CANALSANJUAN,8,0
02100LA000_1,00:21:57,00:21:57,0200LA-AGRICOLA,9,0
02100LA000_1,00:24:30,00:24:30,0200LA-PANTITLAN,10,0
02100LB000_0,00:00:00,00:00:00,0200LB-BUENAVISTA,1,0
02100LB000_0,00:01:15,00:01:15,0200LB-GUERRERO,2,0
02100LB000_0,00:02:55,00:02:55,0200LB-GARIBALDI,3,0
02100LB000_0,00:04:26,00:04:26,0200LB-LAGUNILLA,4,0
02100LB000_0,00:05:39,00:05:39,0200LB-TEPITO,5,0
02100LB000_0,00:06:52,00:06:52,0200LB-MORELOS,6,0
02100LB000_0,00:09:30,00:09:30,0200LB-SANLAZARO,7,0
02100LB000_0,00:11:32,00:11:32,0200LB-RFLORESMAGON,8,0
02100LB000_0,00:13:37,00:13:37,0200LB-ROMERORUBIO,9,0
02100LB000_0,00:15:20,00:15:20,0200LB-OCEANIA,10,0
02100LB000_0,00:17:16,00:17:16,0200LB-DPVOOCEANIA,11,0
02100LB000_0,00:19:45,00:19:45,0200LB-BOSQUEARAGON,12,0
02100LB000_0,00:21:31,00:21:31,0200LB-VILLAARAGON,13,0
02100LB000_0,00:24:20,00:24:20,0200LB-NEZAHUALCO,14,0
02100LB000_0,00:27:15,00:27:15,0200LB-IMPULSORA,15,0
02100LB000_0,00:28:22,00:28:22,0200LB-RIOREMEDIOS,16,0
02100LB000_0,00:30:49,00:30:49,0200LB-MUZQUIZ,17,0
02100LB000_0,00:33:55,00:33:55,0200LB-ECATEPEC,18,0
02100LB000_0,00:35:20,00:35:20,0200LB-OLIMPICA,19,0
02100LB000_0,00:36:57,00:36:57,0200LB-PLAZAARAGON,20,0
02100LB000_0,00:38:19,00:38:19,0200LB-CIUDADAZTECA,21,0
02100LB000_1,00:00:00,00:00:00,0200LB-CIUDADAZTECA,1,0
02100LB000_1,00:01:22,00:01:22,0200LB-PLAZAARAGON,2,0
02100LB000_1,00:02:59,00:02:59,0200LB-OLIMPICA,3,0
02100LB000_1,00:04:24,00:04:24,0200LB-ECATEPEC,4,0
02100LB000_1,00:07:30,00:07:30,0200LB-MUZQUIZ,5,0
02100LB000_1,00:09:57,00:09:57,0200LB-RIOREMEDIOS,6,0
02100LB000_1,00:11:04,00:11:04,0200LB-IMPULSORA,7,0
02100LB000_1,00:13:59,00:13:59,0200LB-NEZAHUALCO,8,0
02100LB000_1,00:16:48,00:16:48,0200LB-VILLAARAGON,9,0
02100LB000_1,00:18:34,00:18:34,0200LB-BOSQUEARAGON,10,0
02100LB000_1,00:21:03,00:21:03,0200LB-DPVOOCEANIA,11,0
02100LB000_1,00:22:59,00:22:59,0200LB-OCEANIA,12,0
02100LB000_1,00:24:42,00:24:42,0200LB-ROMERORUBIO,13,0
02100LB000_1,00:26:47,00:26:47,0200LB-RFLORESMAGON,14,0
02100LB000_1,00:28:49,00:28:49,0200LB-SANLAZARO,15,0
02100LB000_1,00:31:27,00:31:27,0200LB-MORELOS,16,0
02100LB000_1,00:32:40,00:32:40,0200LB-TEPITO,17,0
02100LB000_1,00:33:53,00:33:53,0200LB-LAGUNILLA,18,0
02100LB000_1,00:35:24,00:35:24,0200LB-GARIBALDI,19,0
02100LB000_1,00:37:04,00:37:04,0200LB-GUERRERO,20,0
02100LB000_1,00:38:19,00:38:19,0200LB-BUENAVISTA,21,0
0210L12000_0,00:00:00,00:00:00,020L12-MIXCOAC,1,0
0210L12000_0,00:02:05,00:02:05,020L12-INSURGENTESSUR,2,0
0210L12000_0,00:03:53,00:03:53,020L12-HOSPITAL20,3,0
0210L12000_0,00:05:10,00:05:10,020L12-ZAPATA,4,0
0210L12000_0,00:06:50,00:06:50,020L12-PARQUEVENADOS,5,0
0210L12000_0,00:10:08,00:10:08,020L12-EJECENTRAL,6,0
0210L12000_0,00:12:30,00:12:30,020L12-ERMITA,7,0
0210L12000_0,00:16:56,00:16:56,020L12-MEXICALTZINGO,8,0
0210L12000_0,00:21:43,00:21:43,020L12-ATLALILCO,9,0
0210L12000_0,00:25:46,00:25:46,020L12-CULHUACAN,10,0
0210L12000_0,00:28:22,00:28:22,020L12-SANANDRESTO,11,0
0210L12000_0,00:31:07,00:31:07,020L12-LOMASESTRELLA,12,0
0210L12000_0,00:33:30,00:33:30,020L12-CALLE11,13,0
0210L12000_0,00:36:21,00:36:21,020L12-PERIFERICOOTE,14,0
0210L12000_0,00:40:12,00:40:12,020L12-TEZONCO,15,0
0210L12000_0,00:41:39,00:41:39,020L12-OLIVOS,16,0
0210L12000_0,00:45:05,00:45:05,020L12-NOPALERA,17,0
0210L12000_0,00:48:18,00:48:18,020L12-ZAPOTITLAN,18,0
0210L12000_0,00:51:11,00:51:11,020L12-TLALTENCO,19,0
0210L12000_0,00:54:28,00:54:28,020L12-TLAHUAC,20,0
0210L12000_1,00:00:00,00:00:00,020L12-TLAHUAC,1,0
0210L12000_1,00:03:17,00:03:17,020L12-TLALTENCO,2,0
0210L12000_1,00:06:10,00:06:10,020L12-ZAPOTITLAN,3,0
0210L12000_1,00:09:23,00:09:23,020L12-NOPALERA,4,0
0210L12000_1,00:12:49,00:12:49,020L12-OLIVOS,5,0
0210L12000_1,00:14:16,00:14:16,020L12-TEZONCO,6,0
0210L12000_1,00:18:07,00:18:07,020L12-PERIFERICOOTE,7,0
0210L12000_1,00:20:58,00:20:58,020L12-CALLE11,8,0
0210L12000_1,00:23:21,00:23:21,020L12-LOMASESTRELLA,9,0
0210L12000_1,00:26:06,00:26:06,020L12-SANANDRESTO,10,0
0210L12000_1,00:28:42,00:28:42,020L12-CULHUACAN,11,0
0210L12000_1,00:32:45,00:32:45,020L12-ATLALILCO,12,0
0210L12000_1,00:37:32,00:37:32,020L12-MEXICALTZINGO,13,0
0210L12000_1,00:41:58,00:41:58,020L12-ERMITA,14,0
0210L12000_1,00:44:20,00:44:20,020L12-EJECENTRAL,15,0
0210L12000_1,00:47:38,00:47:38,020L12-PARQUEVENADOS,16,0
0210L12000_1,00:49:18,00:49:18,020L12-ZAPATA,17,0
0210L12000_1,00:50:35,00:50:35,020L12-HOSPITAL20,18,0
0210L12000_1,00:52:23,00:52:23,020L12-INSURGENTESSUR,19,0
0210L12000_1,00:54:28,00:54:28,020L12-MIXCOAC,20,0
02200L1000_0,00:00:00,00:00:00,0200L1-OBSERVATORIO,1,0
02200L1000_0,00:02:50,00:02:50,0200L1-TACUBAYA,2,0
02200L1000_0,00:05:24,00:05:24,0200L1-JUANACATLAN,3,0
02200L1000_0,00:07:36,00:07:36,0200L1-CHAPULTEPEC,4,0
02200L1000_0,00:08:43,00:08:43,0200L1-SEVILLA,5,0
02200L1000_0,00:10:22,00:10:22,0200L1-INSURGENTES,6,0
02200L1000_0,00:12:13,00:12:13,0200L1-CUAUHTEMOC,7,0
02200L1000_0,00:13:18,00:13:18,0200L1-BALDERAS,8,0
02200L1000_0,00:14:34,00:14:34,0200L1-SALTODELAGUA,9,0
02200L1000_0,00:15:43,00:15:43,0200L1-ISABELLACA,10,0
02200L1000_0,00:16:47,00:16:47,0200L1-PINOSUAREZ,11,0
02200L1000_0,00:18:23,00:18:23,0200L1-MERCED,12,0
02200L1000_0,00:20:04,00:20:04,0200L1-CANDELARIA,13,0
02200L1000_0,00:22:08,00:22:08,0200L1-SANLAZARO,14,0
02200L1000_0,00:23:19,00:23:19,0200L1_MOCTEZUMA,15,0
02200L1000_0,00:24:57,00:24:57,0200L1-BALBUENA,16,0
02200L1000_0,00:26:29,00:26:29,0200L1-PTOAEREO,17,0
02200L1000_0,00:27:56,00:27:56,0200L1-GOMEZFARIAS,18,0
02200L1000_0,00:29:50,00:29:50,0200L1-ZARAGOZA,19,0
02200L1000_0,00:32:38,00:32:38,0200L1-PANTITLAN,20,0
02200L1000_1,00:00:00,00:00:00,0200L1-PANTITLAN,1,0
02200L1000_1,00:02:48,00:02:48,0200L1-ZARAGOZA,2,0
02200L1000_1,00:04:42,00:04:42,0200L1-GOMEZFARIAS,3,0
02200L1000_1,00:06:09,00:06:09,0200L1-PTOAEREO,4,0
02200L1000_1,00:07:41,00:07:41,0200L1-BALBUENA,5,0
02200L1000_1,00:09:19,00:09:19,0200L1_MOCTEZUMA,6,0
02200L1000_1,00:10:30,00:10:30,0200L1-SANLAZARO,7,0
02200L1000_1,00:12:34,00:12:34,0200L1-CANDELARIA,8,0
02200L1000_1,00:14:15,00:14:15,0200L1-MERCED,9,0
02200L1000_1,00:15:51,00:15:51,0200L1-PINOSUAREZ,10,0
02200L1000_1,00:16:55,00:16:55,0200L1-ISABELLACA,11,0
02200L1000_1,00:18:04,00:18:04,0200L1-SALTODELAGUA,12,0
02200L1000_1,00:19:20,00:19:20,0200L1-BALDERAS,13,0
02200L1000_1,00:20:25,00:20:25,0200L1-CUAUHTEMOC,14,0
02200L1000_1,00:22:16,00:22:16,0200L1-INSURGENTES,15,0
02200L1000_1,00:23:55,00:23:55,0200L1-SEVILLA,16,0
02200L1000_1,00:25:02,00:25:02,0200L1-CHAPULTEPEC,17,0
02200L1000_1,00:27:14,00:27:14,0200L1-JUANACATLAN,18,0
02200L1000_1,00:29:48,00:29:48,0200L1-TACUBAYA,19,0
02200L1000_1,00:32:38,00:32:38,0200L1-OBSERVATORIO,20,0
02200L2000_0,00:00:00,00:00:00,0200L2-CUATROCAMIN,1,0
02200L2000_0,00:03:19,00:03:19,0200L2-PANTEONES,2,0
02200L2000_0,00:06:14,00:06:14,0200L2-TACUBA,3,0
02200L2000_0,00:07:38,00:07:38,0200L2-CUITLAHUAC,4,0
02200L2000_0,00:09:06,00:09:06,0200L2-POPOTLA,5,0
02200L2000_0,00:10:09,00:10:09,0200L2-COLMILITAR,6,0
02200L2000_0,00:11:29,00:11:29,0200L2-NORMAL,7,0
02200L2000_0,00:12:53,00:12:53,0200L2-SANCOSME,8,0
02200L2000_0,00:14:15,00:14:15,0200L2-REVOLUCION,9,0
02200L2000_0,00:15:39,00:15:39,0200L2-HIDALGO,10,0
02200L2000_0,00:16:46,00:16:46,0200L2-BELLASARTES,11,0
02200L2000_0,00:17:42,00:17:42,0200L2-ALLENDE,12,0
02200L2000_0,00:19:05,00:19:05,0200L2-ZOCALO,13,0
02200L2000_0,00:20:45,00:20:45,0200L2-PINOSUAREZ,14,0
02200L2000_0,00:22:33,00:22:33,0200L2-SANANTONIO,15,0
02200L2000_0,00:23:58,00:23:58,0200L2-CHABACANO,16,0
02200L2000_0,00:25:41,00:25:41,0200L2-VIADUCTO,17,0
02200L2000_0,00:26:51,00:26:51,0200L2-XOLA,18,0
02200L2000_0,00:28:26,00:28:26,0200L2-VILLADECORT,19,0
02200L2000_0,00:29:59,00:29:59,0200L2-NATIVITAS,20,0
02200L2000_0,00:32:05,00:32:05,0200L2-PORTALES,21,0
02200L2000_0,00:33:44,00:33:44,0200L2-ERMITA,22,0
02200L2000_0,00:35:34,00:35:34,0200L2-GRALANAYA,23,0
02200L2000_0,00:38:21,00:38:21,0200L2-TASQUENA,24,0
02200L2000_1,00:00:00,00:00:00,0200L2-TASQUENA,1,0
02200L2000_1,00:02:47,00:02:47,0200L2-GRALANAYA,2,0
02200L2000_1,00:04:37,00:04:37,0200L2-ERMITA,3,0
02200L2000_1,00:06:16,00:06:16,0200L2-PORTALES,4,0
02200L2000_1,00:08:22,00:08:22,0200L2-NATIVITAS,5,0
02200L2000_1,00:09:55,00:09:55,0200L2-VILLADECORT,6,0
02200L2000_1,00:11:30,00:11:30,0200L2-XOLA,7,0
02200L2000_1,00:12:40,00:12:40,0200L2-VIADUCTO,8,0
02200L2000_1,00:14:23,00:14:23,0200L2-CHABACANO,9,0
02200L2000_1,00:15:48,00:15:48,0200L2-SANANTONIO,10,0
02200L2000_1,00:17:36,00:17:36,0200L2-PINOSUAREZ,11,0
02200L2000_1,00:19:16,00:19:16,0200L2-ZOCALO,12,0
02200L2000_1,00:20:39,00:20:39,0200L2-ALLENDE,13,0
02200L2000_1,00:21:35,00:21:35,0200L2-BELLASARTES,14,0
02200L2000_1,00:22:42,00:22:42,0200L2-HIDALGO,15,0
02200L2000_1,00:24:06,00:24:06,0200L2-REVOLUCION,16,0
02200L2000_1,00:25:28,00:25:28,0200L2-SANCOSME,17,0
02200L2000_1,00:26:52,00:26:52,0200L2-NORMAL,18,0
02200L2000_1,00:28:12,00:28:12,0200L2-COLMILITAR,19,0
02200L2000_1,00:29:15,00:29:15,0200L2-POPOTLA,20,0
02200L2000_1,00:30:43,00:30:43,0200L2-CUITLAHUAC,21,0
02200L2000_1,00:32:07,00:32:07,0200L2-TACUBA,22,0
02200L2000_1,00:35:02,00:35:02,0200L2-PANTEONES,23,0
02200L2000_1,00:38:21,00:38:21,0200L2-CUATROCAMIN,24,0
02200L3000_0,00:00:00,00:00:00,0200L3-INDIOSVERD,1,0
02200L3000_0,00:02:25,00:02:25,0200L3-DTVO18MARZO,2,0
02200L3000_0,00:04:27,00:04:27,0200L3-POTRERO,3,0
02200L3000_0,00:06:40,00:06:40,0200L3-LARAZA,4,0
02200L3000_0,00:09:39,00:09:39,0200L3-TLATELOLCO,5,0
02200L3000_0,00:11:47,00:11:47,0200L3-GUERRERO,6,0
02200L3000_0,00:13:18,00:13:18,0200L3-HIDALGO,7,0
02200L3000_0,00:14:09,00:14:09,0200L3-JUAREZ,8,0
02200L3000_0,00:15:33,00:15:33,0200L3-BALDERAS,9,0
02200L3000_0,00:16:59,00:16:59,0200L3-NINOSHEROES,10,0
02200L3000_0,00:18:24,00:18:24,0200L3-HOSPITALGRAL,11,0
02200L3000_0,00:19:46,00:19:46,0200L3-CENTROMEDICO,12,0
02200L3000_0,00:22:10,00:22:10,0200L3-ETIOPIA,13,0
02200L3000_0,00:24:09,00:24:09,0200L3-EUGENIA,14,0
02200L3000_0,00:25:38,00:25:38,0200L3-DIVISIONNTE,15,0
02200L3000_0,00:27:31,00:27:31,0200L3-ZAPATA,16,0
02200L3000_0,00:29:51,00:29:51,0200L3-COYOACAN,17,0
02200L3000_0,00:31:45,00:31:45,0200L3-VIVEROS,18,0
02200L3000_0,00:33:33,00:33:33,0200L3-MAQ,19,0
02200L3000_0,00:36:15,00:36:15,0200L3-COPILCO,20,0
02200L3000_0,00:38:53,00:38:53,0200L3-UNIVERSIDAD,21,0
02200L3000_1,00:00:00,00:00:00,0200L3-UNIVERSIDAD,1,0
02200L3000_1,00:02:38,00:02:38,0200L3-COPILCO,2,0
02200L3000_1,00:05:20,00:05:20,0200L3-MAQ,3,0
02200L3000_1,00:07:08,00:07:08,0200L3-VIVEROS,4,0
02200L3000_1,00:09:02,00:09:02,0200L3-COYOACAN,5,0
02200L3000_1,00:11:22,00:11:22,0200L3-ZAPATA,6,0
02200L3000_1,00:13:15,00:13:15,0200L3-DIVISIONNTE,7,0
02200L3000_1,00:14:44,00:14:44,0200L3-EUGENIA,8,0
02200L3000_1,00:16:43,00:16:43,0200L3-ETIOPIA,9,0
02200L3000_1,00:19:07,00:19:07,0200L3-CENTROMEDICO,10,0
02200L3000_1,00:20:29,00:20:29,0200L3-HOSPITALGRAL,11,0
02200L3000_1,00:21:54,00:21:54,0200L3-NINOSHEROES,12,0
02200L3000_1,00:23:20,00:23:20,0200L3-BALDERAS,13,0
02200L3000_1,00:24:44,00:24:44,0200L3-JUAREZ,14,0
02200L3000_1,00:25:35,00:25:35,0200L3-HIDALGO,15,0
02200L3000_1,00:27:06,00:27:06,0200L3-GUERRERO,16,0
02200L3000_1,00:29:14,00:29:14,0200L3-TLATELOLCO,17,0
02200L3000_1,00:32:13,00:32:13,0200L3-LARAZA,18,0
02200L3000_1,00:34:26,00:34:26,0200L3-POTRERO,19,0
02200L3000_1,00:36:28,00:36:28,0200L3-DTVO18MARZO,20,0
02200L3000_1,00:38:53,00:38:53,0200L3-INDIOSVERD,21,0
02200L4000_0,00:00:00,00:00:00,0200L4-SNTAANITA,1,0
02200L4000_0,00:01:30,00:01:30,0200L4-JAMAICA,2,0
02200L4000_0,00:03:31,00:03:31,0200L4-FRAYSERVANDO,3,0
02200L4000_0,00:04:52,00:04:52,0200L4-CANDELARIA,4,0
02200L4000_0,00:06:56,00:06:56,0200L4-MORELOS,5,0
02200L4000_0,00:08:43,00:08:43,0200L4-CANALNTE,6,0
02200L4000_0,00:10:28,00:10:28,0200L4-CONSULADO,7,0
02200L4000_0,00:11:45,00:11:45,0200L4-BONDOJITO,8,0
02200L4000_0,00:13:43,00:13:43,0200L4-TALISMAN,9,0
02200L4000_0,00:15:52,00:15:52,0200L4-MARTINCARR,10,0
02200L4000_1,00:00:00,00:00:00,0200L4-MARTINCARR,1,0
02200L4000_1,00:02:09,00:02:09,0200L4-TALISMAN,2,0
02200L4000_1,00:04:07,00:04:07,0200L4-BONDOJITO,3,0
02200L4000_1,00:05:24,00:05:24,0200L4-CONSULADO,4,0
02200L4000_1,00:07:09,00:07:09,0200L4-CANALNTE,5,0
02200L4000_1,00:08:56,00:08:56,0200L4-MORELOS,6,0
02200L4000_1,00:11:00,00:11:00,0200L4-CANDELARIA,7,0
02200L4000_1,00:12:21,00:12:21,0200L4-FRAYSERVANDO,8,0
02200L4000_1,00:14:22,00:14:22,0200L4-JAMAICA,9,0
02200L4000_1,00:15:52,00:15:52,0200L4-SNTAANITA,10,0
02200L5000_0,00:00:00,00:00:00,0200L5-POLITECNICO,1,0
02200L5000_0,00:02:15,00:02:15,0200L5-ITOPETROLEO,2,0
02200L5000_0,00:04:17,00:04:17,0200L5-AUTOBUSESNTE,3,0
02200L5000_0,00:06:11,00:06:11,0200L5-LARAZA,4,0
02200L5000_0,00:07:51,00:07:51,0200L5-MISTERIOS,5,0
02200L5000_0,00:09:55,00:09:55,0200L5-VALLEGOMEZ,6,0
02200L5000_0,00:11:11,00:11:11,0200L5-CONSULADO,7,0
02200L5000_0,00:12:48,00:12:48,0200L5-EDUARDOMOLI,8,0
02200L5000_0,00:14:30,00:14:30,0200L5-ARAGON,9,0
02200L5000_0,00:16:44,00:16:44,0200L5-OCEANIA,10,0
02200L5000_0,00:18:54,00:18:54,0200L5-TNALAEREA,11,0
02200L5000_0,00:21:14,00:21:14,0200L5-HANGARES,12,0
02200L5000_0,00:24:14,00:24:14,0200L5-PANTITLAN,13,0
02200L5000_1,00:00:00,00:00:00,0200L5-PANTITLAN,1,0
02200L5000_1,00:03:00,00:03:00,0200L5-HANGARES,2,0
02200L5000_1,00:05:20,00:05:20,0200L5-TNALAEREA,3,0
02200L5000_1,00:07:30,00:07:30,0200L5-OCEANIA,4,0
02200L5000_1,00:09:44,00:09:44,0200L5-ARAGON,5,0
02200L5000_1,00:11:26,00:11:26,0200L5-EDUARDOMOLI,6,0
02200L5000_1,00:13:03,00:13:03,0200L5-CONSULADO,7,0
02200L5000_1,00:14:19,00:14:19,0200L5-VALLEGOMEZ,8,0
02200L5000_1,00:16:23,00:16:23,0200L5-MISTERIOS,9,0
02200L5000_1,00:18:03,00:18:03,0200L5-LARAZA,10,0
02200L5000_1,00:19:57,00:19:57,0200L5-AUTOBUSESNTE,11,0
02200L5000_1,00:21:59,00:21:59,0200L5-ITOPETROLEO,12,0
02200L5000_1,00:24:14,00:24:14,0200L5-POLITECNICO,13,0
02200L6000_0,00:00:00,00:00:00,0200L6-ELROSARIO,1,0
02200L6000_0,00:02:11,00:02:11,0200L6-TEZOZOMOC,2,0
02200L6000_0,00:03:56,00:03:56,0200L6-AZCAPOTZALCO,3,0
02200L6000_0,00:05:58,00:05:58,0200L6-FERRERIA,4,0
02200L6000_0,00:07:53,00:07:53,0200L6-NORTE45,5,0
02200L6000_0,00:09:11,00:09:11,0200L6-VALLEJO,6,0
02200L6000_0,00:10:35,00:10:35,0200L6-ITOPETROLEO,7,0
02200L6000_0,00:12:47,00:12:47,0200L6-LINDAVISTA,8,0
02200L6000_0,00:14:36,00:14:36,0200L6-DTVO18MARZO,9,0
02200L6000_0,00:15:46,00:15:46,0200L6-LAVILLA,10,0
02200L6000_0,00:17:43,00:17:43,0200L6-MARTINCARR,11,0
02200L6000_1,00:00:00,00:00:00,0200L6-MARTINCARR,1,0
02200L6000_1,00:01:57,00:01:57,0200L6-LAVILLA,2,0
02200L6000_1,00:03:07,00:03:07,0200L6-DTVO18MARZO,3,0
02200L6000_1,00:04:56,00:04:56,0200L6-LINDAVISTA,4,0
02200L6000_1,00:07:08,00:07:08,0200L6-ITOPETROLEO,5,0
02200L6000_1,00:08:32,00:08:32,0200L6-VALLEJO,6,0
02200L6000_1,00:09:50,00:09:50,0200L6-NORTE45,7,0
02200L6000_1,00:11:45,00:11:45,0200L6-FERRERIA,8,0
02200L6000_1,00:13:47,00:13:47,0200L6-AZCAPOTZALCO,9,0
02200L6000_1,00:15:32,00:15:32,0200L6-TEZOZOMOC,10,0
02200L6000_1,00:17:43,00:17:43,0200L6-ELROSARIO,11,0
02200L7000_0,00:00:00,00:00:00,0200L7-ELROSARIO,1,0
02200L7000_0,00:02:56,00:02:56,0200L7-AQUILESSERD,2,0
02200L7000_0,00:05:22,00:05:22,0200L7-CAMARONES,3,0
02200L7000_0,00:07:06,00:07:06,0200L7-REFINERIA,4,0
02200L7000_0,00:09:28,00:09:28,0200L7-TACUBA,5,0
02200L7000_0,00:12:02,00:12:02,0200L7-SANJOAQUIN,6,0
02200L7000_0,00:14:10,00:14:10,0200L7-POLANCO,7,0
02200L7000_0,00:15:34,00:15:34,0200L7-AUDITORIO,8,0
02200L7000_0,00:18:15,00:18:15,0200L7-CONSTITUYENTES,9,0
02200L7000_0,00:20:08,00:20:08,0200L7-TACUBAYA,10,0
02200L7000_0,00:22:09,00:22:09,0200L7-SANPEDROPINOS,11,0
02200L7000_0,00:23:26,00:23:26,0200L7-SANANTONIO,12,0
02200L7000_0,00:24:53,00:24:53,0200L7-MIXCOAC,13,0
02200L7000_0,00:27:33,00:27:33,0200L7-BARRANCA,14,0
02200L7000_1,00:00:00,00:00:00,0200L7-BARRANCA,1,0
02200L7000_1,00:02:40,00:02:40,0200L7-MIXCOAC,2,0
02200L7000_1,00:04:07,00:04:07,0200L7-SANANTONIO,3,0
02200L7000_1,00:05:24,00:05:24,0200L7-SANPEDROPINOS,4,0
02200L7000_1,00:07:25,00:07:25,0200L7-TACUBAYA,5,0
02200L7000_1,00:09:18,00:09:18,0200L7-CONSTITUYENTES,6,0
02200L7000_1,00:11:59,00:11:59,0200L7-AUDITORIO,7,0
02200L7000_1,00:13:23,00:13:23,0200L7-POLANCO,8,0
02200L7000_1,00:15:31,00:15:31,0200L7-SANJOAQUIN,9,0
02200L7000_1,00:18:05,00:18:05,0200L7-TACUBA,10,0
02200L7000_1,00:20:27,00:20:27,0200L7-REFINERIA,11,0
02200L7000_1,00:22:11,00:22:11,0200L7-CAMARONES,12,0
02200L7000_1,00:24:37,00:24:37,0200L7-AQUILESSERD,13,0
02200L7000_1,00:27:33,00:27:33,0200L7-ELROSARIO,14,0
02200L8000_0,00:00:00,00:00:00,0200L8-GARIBALDI,1,0
02200L8000_0,00:01:23,00:01:23,0200L8-BELLASARTES,2,0
02200L8000_0,00:02:26,00:02:26,0200L8-SANJUANLETRAN,3,0
02200L8000_0,00:03:11,00:03:11,0200L8-SALTOAGUA,4,0
02200L8000_0,00:04:24,00:04:24,0200L8-DOCTORES,5,0
02200L8000_0,00:06:01,00:06:01,0200L8-OBRERA,6,0
02200L8000_0,00:08:17,00:08:17,0200L8-CHABACANO,7,0
02200L8000_0,00:09:58,00:09:58,0200L8-LAVIGA,8,0
02200L8000_0,00:11:20,00:11:20,0200L8-STAANITA,9,0
02200L8000_0,00:13:22,00:13:22,0200L8-COYUYA,10,0
02200L8000_0,00:15:22,00:15:22,0200L8-IZTACALCO,11,0
02200L8000_0,00:17:13,00:17:13,0200L8-APATLACO,12,0
02200L8000_0,00:18:24,00:18:24,0200L8-ACULCO,13,0
02200L8000_0,00:20:03,00:20:03,0200L8-ESCUADRON,14,0
02200L8000_0,00:23:21,00:23:21,0200L8-ATLALILCO,15,0
02200L8000_0,00:24:50,00:24:50,0200L8-IZTAPALAPA,16,0
02200L8000_0,00:26:26,00:26:26,0200L8-CERROESTRELLA,17,0
02200L8000_0,00:28:38,00:28:38,0200L8-UAM-I,18,0
02200L8000_0,00:30:53,00:30:53,0200L8-CONST1917,19,0
02200L8000_1,00:00:00,00:00:00,0200L8-CONST1917,1,0
02200L8000_1,00:02:15,00:02:15,0200L8-UAM-I,2,0
02200L8000_1,00:04:27,00:04:27,0200L8-CERROESTRELLA,3,0
02200L8000_1,00:06:03,00:06:03,0200L8-IZTAPALAPA,4,0
02200L8000_1,00:07:32,00:07:32,0200L8-ATLALILCO,5,0
02200L8000_1,00:10:50,00:10:50,0200L8-ESCUADRON,6,0
02200L8000_1,00:12:29,00:12:29,0200L8-ACULCO,7,0
02200L8000_1,00:13:40,00:13:40,0200L8-APATLACO,8,0
02200L8000_1,00:15:31,00:15:31,0200L8-IZTACALCO,9,0
02200L8000_1,00:17:31,00:17:31,0200L8-COYUYA,10,0
02200L8000_1,00:19:33,00:19:33,0200L8-STAANITA,11,0
02200L8000_1,00:20:55,00:20:55,0200L8-LAVIGA,12,0
02200L8000_1,00:22:36,00:22:36,0200L8-CHABACANO,13,0
02200L8000_1,00:24:52,00:24:52,0200L8-OBRERA,14,0
02200L8000_1,00:26:29,00:26:29,0200L8-DOCTORES,15,0
02200L8000_1,00:27:42,00:27:42,0200L8-SALTOAGUA,16,0
02200L8000_1,00:28:27,00:28:27,0200L8-SANJUANLETRAN,17,0
02200L8000_1,00:29:30,00:29:30,0200L8-BELLASARTES,18,0
02200L8000_1,00:30:53,00:30:53,0200L8-GARIBALDI,19,0
02200L9000_0,00:00:00,00:00:00,0200L9-PANTITLAN,1,0
02200L9000_0,00:02:47,00:02:47,0200L9-PUEBLA,2,0
02200L9000_0,00:04:29,00:04:29,0200L9-CIUDADDVA,3,0
02200L9000_0,00:06:46,00:06:46,0200L9-VELODROMO,4,0
02200L9000_0,00:08:38,00:08:38,0200L9-MIXIUHCA,5,0
02200L9000_0,00:10:25,00:10:25,0200L9-JAMAICA,6,0
02200L9000_0,00:12:37,00:12:37,0200L9-CHABACANO,7,0
02200L9000_0,00:14:40,00:14:40,0200L9-LAZAROCAR,8,0
02200L9000_0,00:16:50,00:16:50,0200L9-CENTROMEDICO,9,0
02200L9000_0,00:19:12,00:19:12,0200L9-CHILPANCINGO,10,0
02200L9000_0,00:21:11,00:21:11,0200L9-PATRIOTISMO,11,0
02200L9000_0,00:23:21,00:23:21,0200L9-TACUBAYA,12,0
02200L9000_1,00:00:00,00:00:00,0200L9-TACUBAYA,1,0
02200L9000_1,00:02:10,00:02:10,0200L9-PATRIOTISMO,2,0
02200L9000_1,00:04:09,00:04:09,0200L9-CHILPANCINGO,3,0
02200L9000_1,00:06:31,00:06:31,0200L9-CENTROMEDICO,4,0
02200L9000_1,00:08:41,00:08:41,0200L9-LAZAROCAR,5,0
02200L9000_1,00:10:44,00:10:44,0200L9-CHABACANO,6,0
02200L9000_1,00:12:56,00:12:56,0200L9-JAMAICA,7,0
02200L9000_1,00:14:43,00:14:43,0200L9-MIXIUHCA,8,0
02200L9000_1,00:16:35,00:16:35,0200L9-VELODROMO,9,0
02200L9000_1,00:18:52,00:18:52,0200L9-CIUDADDVA,10,0
02200L9000_1,00:20:34,00:20:34,0200L9-PUEBLA,11,0
02200L9000_1,00:23:21,00:23:21,0200L9-PANTITLAN,12,0
02200LA000_0,00:00:00,00:00:00,0200LA-PANTITLAN,1,0
02200LA000_0,00:02:33,00:02:33,0200LA-AGRICOLA,2,0
02200LA000_0,00:04:36,00:04:36,0200LA-CANALSANJUAN,3,0
02200LA000_0,00:07:15,00:07:15,0200LA-TEPALCATES,4,0
02200LA000_0,00:09:24,00:09:24,0200LA-GUELATAO,5,0
02200LA000_0,00:13:17,00:13:17,0200LA-PENONVIEJO,6,0
02200LA000_0,00:15:48,00:15:48,0200LA-ACATITLA,7,0
02200LA000_0,00:17:51,00:17:51,0200LA-STAMARTA,8,0
02200LA000_0,00:21:02,00:21:02,0200LA-LOSREYES,9,0
02200LA000_0,00:24:30,00:24:30,0200LA-LAPAZ,10,0
02200LA000_1,00:00:00,00:00:00,0200LA-LAPAZ,1,0
02200LA000_1,00:03:28,00:03:28,0200LA-LOSREYES,2,0
02200LA000_1,00:06:39,00:06:39,0200LA-STAMARTA,3,0
02200LA000_1,00:08:42,00:08:42,0200LA-ACATITLA,4,0
02200LA000_1,00:11:13,00:11:13,0200LA-PENONVIEJO,5,0
02200LA000_1,00:15:06,00:15:06,0200LA-GUELATAO,6,0
02200LA000_1,00:17:15,00:17:15,0200LA-TEPALCATES,7,0
02200LA000_1,00:19:54,00:19:54,0200LA-CANALSANJUAN,8,0
02200LA000_1,00:21:57,00:21:57,0200LA-AGRICOLA,9,0
02200LA000_1,00:24:30,00:24:30,0200LA-PANTITLAN,10,0
02200LB000_0,00:00:00,00:00:00,0200LB-BUENAVISTA,1,0
02200LB000_0,00:01:15,00:01:15,0200LB-GUERRERO,2,0
02200LB000_0,00:02:55,00:02:55,0200LB-GARIBALDI,3,0
02200LB000_0,00:04:26,00:04:26,0200LB-LAGUNILLA,4,0
02200LB000_0,00:05:39,00:05:39,0200LB-TEPITO,5,0
02200LB000_0,00:06:52,00:06:52,0200LB-MORELOS,6,0
02200LB000_0,00:09:30,00:09:30,0200LB-SANLAZARO,7,0
02200LB000_0,00:11:32,00:11:32,0200LB-RFLORESMAGON,8,0
02200LB000_0,00:13:37,00:13:37,0200LB-ROMERORUBIO,9,0
02200LB000_0,00:15:20,00:15:20,0200LB-OCEANIA,10,0
02200LB000_0,00:17:16,00:17:16,0200LB-DPVOOCEANIA,11,0
02200LB000_0,00:19:45,00:19:45,0200LB-BOSQUEARAGON,12,0
02200LB000_0,00:21:31,00:21:31,0200LB-VILLAARAGON,13,0
02200LB000_0,00:24:20,00:24:20,0200LB-NEZAHUALCO,14,0
02200LB000_0,00:27:15,00:27:15,0200LB-IMPULSORA,15,0
02200LB000_0,00:28:22,00:28:22,0200LB-RIOREMEDIOS,16,0
02200LB000_0,00:30:49,00:30:49,0200LB-MUZQUIZ,17,0
02200LB000_0,00:33:55,00:33:55,0200LB-ECATEPEC,18,0
02200LB000_0,00:35:20,00:35:20,0200LB-OLIMPICA,19,0
02200LB000_0,00:36:57,00:36:57,0200LB-PLAZAARAGON,20,0
02200LB000_0,00:38:19,00:38:19,0200LB-CIUDADAZTECA,21,0
02200LB000_1,00:00:00,00:00:00,0200LB-CIUDADAZTECA,1,0
02200LB000_1,00:01:22,00:01:22,0200LB-PLAZAARAGON,2,0
02200LB000_1,00:02:59,00:02:59,0200LB-OLIMPICA,3,0
02200LB000_1,00:04:24,00:04:24,0200LB-ECATEPEC,4,0
02200LB000_1,00:07:30,00:07:30,0200LB-MUZQUIZ,5,0
02200LB000_1,00:09:57,00:09:57,0200LB-RIOREMEDIOS,6,0
02200LB000_1,00:11:04,00:11:04,0200LB-IMPULSORA,7,0
02200LB000_1,00:13:59,00:13:59,0200LB-NEZAHUALCO,8,0
02200LB000_1,00:16:48,00:16:48,0200LB-VILLAARAGON,9,0
02200LB000_1,00:18:34,00:18:34,0200LB-BOSQUEARAGON,10,0
02200LB000_1,00:21:03,00:21:03,0200LB-DPVOOCEANIA,11,0
02200LB000_1,00:22:59,00:22:59,0200LB-OCEANIA,12,0
02200LB000_1,00:24:42,00:24:42,0200LB-ROMERORUBIO,13,0
02200LB000_1,00:26:47,00:26:47,0200LB-RFLORESMAGON,14,0
02200LB000_1,00:28:49,00:28:49,0200LB-SANLAZARO,15,0
02200LB000_1,00:31:27,00:31:27,0200LB-MORELOS,16,0
02200LB000_1,00:32:40,00:32:40,0200LB-TEPITO,17,0
02200LB000_1,00:33:53,00:33:53,0200LB-LAGUNILLA,18,0
02200LB000_1,00:35:24,00:35:24,0200LB-GARIBALDI,19,0
02200LB000_1,00:37:04,00:37:04,0200LB-GUERRERO,20,0
02200LB000_1,00:38:19,00:38:19,0200LB-BUENAVISTA,21,0
0220L12000_0,00:00:00,00:00:00,020L12-MIXCOAC,1,0
0220L12000_0,00:02:05,00:02:05,020L12-INSURGENTESSUR,2,0
0220L12000_0,00:03:53,00:03:53,020L12-HOSPITAL20,3,0
0220L12000_0,00:05:10,00:05:10,020L12-ZAPATA,4,0
0220L12000_0,00:06:50,00:06:50,020L12-PARQUEVENADOS,5,0
0220L12000_0,00:10:08,00:10:08,020L12-EJECENTRAL,6,0
0220L12000_0,00:12:30,00:12:30,020L12-ERMITA,7,0
0220L12000_0,00:16:56,00:16:56,020L12-MEXICALTZINGO,8,0
0220L12000_0,00:21:43,00:21:43,020L12-ATLALILCO,9,0
0220L12000_0,00:25:46,00:25:46,020L12-CULHUACAN,10,0
0220L12000_0,00:28:22,00:28:22,020L12-SANANDRESTO,11,0
0220L12000_0,00:31:07,00:31:07,020L12-LOMASESTRELLA,12,0
0220L12000_0,00:33:30,00:33:30,020L12-CALLE11,13,0
0220L12000_0,00:36:21,00:36:21,020L12-PERIFERICOOTE,14,0
0220L12000_0,00:40:12,00:40:12,020L12-TEZONCO,15,0
0220L12000_0,00:41:39,00:41:39,020L12-OLIVOS,16,0
0220L12000_0,00:45:05,00:45:05,020L12-NOPALERA,17,0
0220L12000_0,00:48:18,00:48:18,020L12-ZAPOTITLAN,18,0
0220L12000_0,00:51:11,00:51:11,020L12-TLALTENCO,19,0
0220L12000_0,00:54:28,00:54:28,020L12-TLAHUAC,20,0
0220L12000_1,00:00:00,00:00:00,020L12-TLAHUAC,1,0
0220L12000_1,00:03:17,00:03:17,020L12-TLALTENCO,2,0
0220L12000_1,00:06:10,00:06:10,020L12-ZAPOTITLAN,3,0
0220L12000_1,00:09:23,00:09:23,020L12-NOPALERA,4,0
0220L12000_1,00:12:49,00:12:49,020L12-OLIVOS,5,0
0220L12000_1,00:14:16,00:14:16,020L12-TEZONCO,6,0
0220L12000_1,00:18:07,00:18:07,020L12-PERIFERICOOTE,7,0
0220L12000_1,00:20:58,00:20:58,020L12-CALLE11,8,0
0220L12000_1,00:23:21,00:23:21,020L12-LOMASESTRELLA,9,0
0220L12000_1,00:26:06,00:26:06,020L12-SANANDRESTO,10,0
0220L12000_1,00:28:42,00:28:42,020L12-CULHUACAN,11,0
0220L12000_1,00:32:45,00:32:45,020L12-ATLALILCO,12,0
0220L12000_1,00:37:32,00:37:32,020L12-MEXICALTZINGO,13,0
0220L12000_1,00:41:58,00:41:58,020L12-ERMITA,14,0
0220L12000_1,00:44:20,00:44:20,020L12-EJECENTRAL,15,0
0220L12000_1,00:47:38,00:47:38,020L12-PARQUEVENADOS,16,0
0220L12000_1,00:49:18,00:49:18,020L12-ZAPATA,17,0
0220L12000_1,00:50:35,00:50:35,020L12-HOSPITAL20,18,0
0220L12000_1,00:52:23,00:52:23,020L12-INSURGENTESSUR,19,0
0220L12000_1,00:54:28,00:54:28,020L12-MIXCOAC,20,0
02300L1000_0,00:00:00,00:00:00,0200L1-OBSERVATORIO,1,0
02300L1000_0,00:02:50,00:02:50,0200L1-TACUBAYA,2,0
02300L1000_0,00:05:24,00:05:24,0200L1-JUANACATLAN,3,0
02300L1000_0,00:07:36,00:07:36,0200L1-CHAPULTEPEC,4,0
02300L1000_0,00:08:43,00:08:43,0200L1-SEVILLA,5,0
02300L1000_0,00:10:22,00:10:22,0200L1-INSURGENTES,6,0
02300L1000_0,00:12:13,00:12:13,0200L1-CUAUHTEMOC,7,0
02300L1000_0,00:13:18,00:13:18,0200L1-BALDERAS,8,0
02300L1000_0,00:14:34,00:14:34,0200L1-SALTODELAGUA,9,0
02300L1000_0,00:15:43,00:15:43,0200L1-ISABELLACA,10,0
02300L1000_0,00:16:47,00:16:47,0200L1-PINOSUAREZ,11,0
02300L1000_0,00:18:23,00:18:23,0200L1-MERCED,12,0
02300L1000_0,00:20:04,00:20:04,0200L1-CANDELARIA,13,0
02300L1000_0,00:22:08,00:22:08,0200L1-SANLAZARO,14,0
02300L1000_0,00:23:19,00:23:19,0200L1_MOCTEZUMA,15,0
02300L1000_0,00:24:57,00:24:57,0200L1-BALBUENA,16,0
02300L1000_0,00:26:29,00:26:29,0200L1-PTOAEREO,17,0
02300L1000_0,00:27:56,00:27:56,0200L1-GOMEZFARIAS,18,0
02300L1000_0,00:29:50,00:29:50,0200L1-ZARAGOZA,19,0
02300L1000_0,00:32:38,00:32:38,0200L1-PANTITLAN,20,0
02300L1000_1,00:00:00,00:00:00,0200L1-PANTITLAN,1,0
02300L1000_1,00:02:48,00:02:48,0200L1-ZARAGOZA,2,0
02300L1000_1,00:04:42,00:04:42,0200L1-GOMEZFARIAS,3,0
02300L1000_1,00:06:09,00:06:09,0200L1-PTOAEREO,4,0
02300L1000_1,00:07:41,00:07:41,0200L1-BALBUENA,5,0
02300L1000_1,00:09:19,00:09:19,0200L1_MOCTEZUMA,6,0
02300L1000_1,00:10:30,00:10:30,0200L1-SANLAZARO,7,0
02300L1000_1,00:12:34,00:12:34,0200L1-CANDELARIA,8,0
02300L1000_1,00:14:15,00:14:15,0200L1-MERCED,9,0
02300L1000_1,00:15:51,00:15:51,0200L1-PINOSUAREZ,10,0
02300L1000_1,00:16:55,00:16:55,0200L1-ISABELLACA,11,0
02300L1000_1,00:18:04,00:18:04,0200L1-SALTODELAGUA,12,0
02300L1000_1,00:19:20,00:19:20,0200L1-BALDERAS,13,0
02300L1000_1,00:20:25,00:20:25,0200L1-CUAUHTEMOC,14,0
02300L1000_1,00:22:16,00:22:16,0200L1-INSURGENTES,15,0
02300L1000_1,00:23:55,00:23:55,0200L1-SEVILLA,16,0
02300L1000_1,00:25:02,00:25:02,0200L1-CHAPULTEPEC,17,0
02300L1000_1,00:27:14,00:27:14,0200L1-JUANACATLAN,18,0
02300L1000_1,00:29:48,00:29:48,0200L1-TACUBAYA,19,0
02300L1000_1,00:32:38,00:32:38,0200L1-OBSERVATORIO,20,0
02300L2000_0,00:00:00,00:00:00,0200L2-CUATROCAMIN,1,0
02300L2000_0,00:03:19,00:03:19,0200L2-PANTEONES,2,0
02300L2000_0,00:06:14,00:06:14,0200L2-TACUBA,3,0
02300L2000_0,00:07:38,00:07:38,0200L2-CUITLAHUAC,4,0
02300L2000_0,00:09:06,00:09:06,0200L2-POPOTLA,5,0
02300L2000_0,00:10:09,00:10:09,0200L2-COLMILITAR,6,0
02300L2000_0,00:11:29,00:11:29,0200L2-NORMAL,7,0
02300L2000_0,00:12:53,00:12:53,0200L2-SANCOSME,8,0
02300L2000_0,00:14:15,00:14:15,0200L2-REVOLUCION,9,0
02300L2000_0,00:15:39,00:15:39,0200L2-HIDALGO,10,0
02300L2000_0,00:16:46,00:16:46,0200L2-BELLASARTES,11,0
02300L2000_0,00:17:42,00:17:42,0200L2-ALLENDE,12,0
02300L2000_0,00:19:05,00:19:05,0200L2-ZOCALO,13,0
02300L2000_0,00:20:45,00:20:45,0200L2-PINOSUAREZ,14,0
02300L2000_0,00:22:33,00:22:33,0200L2-SANANTONIO,15,0
02300L2000_0,00:23:58,00:23:58,0200L2-CHABACANO,16,0
02300L2000_0,00:25:41,00:25:41,0200L2-VIADUCTO,17,0
02300L2000_0,00:26:51,00:26:51,0200L2-XOLA,18,0
02300L2000_0,00:28:26,00:28:26,0200L2-VILLADECORT,19,0
02300L2000_0,00:29:59,00:29:59,0200L2-NATIVITAS,20,0
02300L2000_0,00:32:05,00:32:05,0200L2-PORTALES,21,0
02300L2000_0,00:33:44,00:33:44,0200L2-ERMITA,22,0
02300L2000_0,00:35:34,00:35:34,0200L2-GRALANAYA,23,0
02300L2000_0,00:38:21,00:38:21,0200L2-TASQUENA,24,0
02300L2000_1,00:00:00,00:00:00,0200L2-TASQUENA,1,0
02300L2000_1,00:02:47,00:02:47,0200L2-GRALANAYA,2,0
02300L2000_1,00:04:37,00:04:37,0200L2-ERMITA,3,0
02300L2000_1,00:06:16,00:06:16,0200L2-PORTALES,4,0
02300L2000_1,00:08:22,00:08:22,0200L2-NATIVITAS,5,0
02300L2000_1,00:09:55,00:09:55,0200L2-VILLADECORT,6,0
02300L2000_1,00:11:30,00:11:30,0200L2-XOLA,7,0
02300L2000_1,00:12:40,00:12:40,0200L2-VIADUCTO,8,0
02300L2000_1,00:14:23,00:14:23,0200L2-CHABACANO,9,0
02300L2000_1,00:15:48,00:15:48,0200L2-SANANTONIO,10,0
02300L2000_1,00:17:36,00:17:36,0200L2-PINOSUAREZ,11,0
02300L2000_1,00:19:16,00:19:16,0200L2-ZOCALO,12,0
02300L2000_1,00:20:39,00:20:39,0200L2-ALLENDE,13,0
02300L2000_1,00:21:35,00:21:35,0200L2-BELLASARTES,14,0
02300L2000_1,00:22:42,00:22:42,0200L2-HIDALGO,15,0
02300L2000_1,00:24:06,00:24:06,0200L2-REVOLUCION,16,0
02300L2000_1,00:25:28,00:25:28,0200L2-SANCOSME,17,0
02300L2000_1,00:26:52,00:26:52,0200L2-NORMAL,18,0
02300L2000_1,00:28:12,00:28:12,0200L2-COLMILITAR,19,0
02300L2000_1,00:29:15,00:29:15,0200L2-POPOTLA,20,0
02300L2000_1,00:30:43,00:30:43,0200L2-CUITLAHUAC,21,0
02300L2000_1,00:32:07,00:32:07,0200L2-TACUBA,22,0
02300L2000_1,00:35:02,00:35:02,0200L2-PANTEONES,23,0
02300L2000_1,00:38:21,00:38:21,0200L2-CUATROCAMIN,24,0
02300L3000_0,00:00:00,00:00:00,0200L3-INDIOSVERD,1,0
02300L3000_0,00:02:25,00:02:25,0200L3-DTVO18MARZO,2,0
02300L3000_0,00:04:27,00:04:27,0200L3-POTRERO,3,0
02300L3000_0,00:06:40,00:06:40,0200L3-LARAZA,4,0
02300L3000_0,00:09:39,00:09:39,0200L3-TLATELOLCO,5,0
02300L3000_0,00:11:47,00:11:47,0200L3-GUERRERO,6,0
02300L3000_0,00:13:18,00:13:18,0200L3-HIDALGO,7,0
02300L3000_0,00:14:09,00:14:09,0200L3-JUAREZ,8,0
02300L3000_0,00:15:33,00:15:33,0200L3-BALDERAS,9,0
02300L3000_0,00:16:59,00:16:59,0200L3-NINOSHEROES,10,0
02300L3000_0,00:18:24,00:18:24,0200L3-HOSPITALGRAL,11,0
02300L3000_0,00:19:46,00:19:46,0200L3-CENTROMEDICO,12,0
02300L3000_0,00:22:10,00:22:10,0200L3-ETIOPIA,13,0
02300L3000_0,00:24:09,00:24:09,0200L3-EUGENIA,14,0
02300L3000_0,00:25:38,00:25:38,0200L3-DIVISIONNTE,15,0
02300L3000_0,00:27:31,00:27:31,0200L3-ZAPATA,16,0
02300L3000_0,00:29:51,00:29:51,0200L3-COYOACAN,17,0
02300L3000_0,00:31:45,00:31:45,0200L3-VIVEROS,18,0
02300L3000_0,00:33:33,00:33:33,0200L3-MAQ,19,0
02300L3000_0,00:36:15,00:36:15,0200L3-COPILCO,20,0
02300L3000_0,00:38:53,00:38:53,0200L3-UNIVERSIDAD,21,0
02300L3000_1,00:00:00,00:00:00,0200L3-UNIVERSIDAD,1,0
02300L3000_1,00:02:38,00:02:38,0200L3-COPILCO,2,0
02300L3000_1,00:05:20,00:05:20,0200L3-MAQ,3,0
02300L3000_1,00:07:08,00:07:08,0200L3-VIVEROS,4,0
02300L3000_1,00:09:02,00:09:02,0200L3-COYOACAN,5,0
02300L3000_1,00:11:22,00:11:22,0200L3-ZAPATA,6,0
02300L3000_1,00:13:15,00:13:15,0200L3-DIVISIONNTE,7,0
02300L3000_1,00:14:44,00:14:44,0200L3-EUGENIA,8,0
02300L3000_1,00:16:43,00:16:43,0200L3-ETIOPIA,9,0
02300L3000_1,00:19:07,00:19:07,0200L3-CENTROMEDICO,10,0
02300L3000_1,00:20:29,00:20:29,0200L3-HOSPITALGRAL,11,0
02300L3000_1,00:21:54,00:21:54,0200L3-NINOSHEROES,12,0
02300L3000_1,00:23:20,00:23:20,0200L3-BALDERAS,13,0
02300L3000_1,00:24:44,00:24:44,0200L3-JUAREZ,14,0
02300L3000_1,00:25:35,00:25:35,0200L3-HIDALGO,15,0
02300L3000_1,00:27:06,00:27:06,0200L3-GUERRERO,16,0
02300L3000_1,00:29:14,00:29:14,0200L3-TLATELOLCO,17,0
02300L3000_1,00:32:13,00:32:13,0200L3-LARAZA,18,0
02300L3000_1,00:34:26,00:34:26,0200L3-POTRERO,19,0
02300L3000_1,00:36:28,00:36:28,0200L3-DTVO18MARZO,20,0
02300L3000_1,00:38:53,00:38:53,0200L3-INDIOSVERD,21,0
02300L4000_0,00:00:00,00:00:00,0200L4-SNTAANITA,1,0
02300L4000_0,00:01:30,00:01:30,0200L4-JAMAICA,2,0
02300L4000_0,00:03:31,00:03:31,0200L4-FRAYSERVANDO,3,0
02300L4000_0,00:04:52,00:04:52,0200L4-CANDELARIA,4,0
02300L4000_0,00:06:56,00:06:56,0200L4-MORELOS,5,0
02300L4000_0,00:08:43,00:08:43,0200L4-CANALNTE,6,0
02300L4000_0,00:10:28,00:10:28,0200L4-CONSULADO,7,0
02300L4000_0,00:11:45,00:11:45,0200L4-BONDOJITO,8,0
02300L4000_0,00:13:43,00:13:43,0200L4-TALISMAN,9,0
02300L4000_0,00:15:52,00:15:52,0200L4-MARTINCARR,10,0
02300L4000_1,00:00:00,00:00:00,0200L4-MARTINCARR,1,0
02300L4000_1,00:02:09,00:02:09,0200L4-TALISMAN,2,0
02300L4000_1,00:04:07,00:04:07,0200L4-BONDOJITO,3,0
02300L4000_1,00:05:24,00:05:24,0200L4-CONSULADO,4,0
02300L4000_1,00:07:09,00:07:09,0200L4-CANALNTE,5,0
02300L4000_1,00:08:56,00:08:56,0200L4-MORELOS,6,0
02300L4000_1,00:11:00,00:11:00,0200L4-CANDELARIA,7,0
02300L4000_1,00:12:21,00:12:21,0200L4-FRAYSERVANDO,8,0
02300L4000_1,00:14:22,00:14:22,0200L4-JAMAICA,9,0
02300L4000_1,00:15:52,00:15:52,0200L4-SNTAANITA,10,0
02300L5000_0,00:00:00,00:00:00,0200L5-POLITECNICO,1,0
02300L5000_0,00:02:15,00:02:15,0200L5-ITOPETROLEO,2,0
02300L5000_0,00:04:17,00:04:17,0200L5-AUTOBUSESNTE,3,0
02300L5000_0,00:06:11,00:06:11,0200L5-LARAZA,4,0
02300L5000_0,00:07:51,00:07:51,0200L5-MISTERIOS,5,0
02300L5000_0,00:09:55,00:09:55,0200L5-VALLEGOMEZ,6,0
02300L5000_0,00:11:11,00:11:11,0200L5-CONSULADO,7,0
02300L5000_0,00:12:48,00:12:48,0200L5-EDUARDOMOLI,8,0
02300L5000_0,00:14:30,00:14:30,0200L5-ARAGON,9,0
02300L5000_0,00:16:44,00:16:44,0200L5-OCEANIA,10,0
02300L5000_0,00:18:54,00:18:54,0200L5-TNALAEREA,11,0
02300L5000_0,00:21:14,00:21:14,0200L5-HANGARES,12,0
02300L5000_0,00:24:14,00:24:14,0200L5-PANTITLAN,13,0
02300L5000_1,00:00:00,00:00:00,0200L5-PANTITLAN,1,0
02300L5000_1,00:03:00,00:03:00,0200L5-HANGARES,2,0
02300L5000_1,00:05:20,00:05:20,0200L5-TNALAEREA,3,0
02300L5000_1,00:07:30,00:07:30,0200L5-OCEANIA,4,0
02300L5000_1,00:09:44,00:09:44,0200L5-ARAGON,5,0
02300L5000_1,00:11:26,00:11:26,0200L5-EDUARDOMOLI,6,0
02300L5000_1,00:13:03,00:13:03,0200L5-CONSULADO,7,0
02300L5000_1,00:14:19,00:14:19,0200L5-VALLEGOMEZ,8,0
02300L5000_1,00:16:23,00:16:23,0200L5-MISTERIOS,9,0
02300L5000_1,00:18:03,00:18:03,0200L5-LARAZA,10,0
02300L5000_1,00:19:57,00:19:57,0200L5-AUTOBUSESNTE,11,0
02300L5000_1,00:21:59,00:21:59,0200L5-ITOPETROLEO,12,0
02300L5000_1,00:24:14,00:24:14,0200L5-POLITECNICO,13,0
02300L6000_0,00:00:00,00:00:00,0200L6-ELROSARIO,1,0
02300L6000_0,00:02:11,00:02:11,0200L6-TEZOZOMOC,2,0
02300L6000_0,00:03:56,00:03:56,0200L6-AZCAPOTZALCO,3,0
02300L6000_0,00:05:58,00:05:58,0200L6-FERRERIA,4,0
02300L6000_0,00:07:53,00:07:53,0200L6-NORTE45,5,0
02300L6000_0,00:09:11,00:09:11,0200L6-VALLEJO,6,0
02300L6000_0,00:10:35,00:10:35,0200L6-ITOPETROLEO,7,0
02300L6000_0,00:12:47,00:12:47,0200L6-LINDAVISTA,8,0
02300L6000_0,00:14:36,00:14:36,0200L6-DTVO18MARZO,9,0
02300L6000_0,00:15:46,00:15:46,0200L6-LAVILLA,10,0
02300L6000_0,00:17:43,00:17:43,0200L6-MARTINCARR,11,0
02300L6000_1,00:00:00,00:00:00,0200L6-MARTINCARR,1,0
02300L6000_1,00:01:57,00:01:57,0200L6-LAVILLA,2,0
02300L6000_1,00:03:07,00:03:07,0200L6-DTVO18MARZO,3,0
02300L6000_1,00:04:56,00:04:56,0200L6-LINDAVISTA,4,0
02300L6000_1,00:07:08,00:07:08,0200L6-ITOPETROLEO,5,0
02300L6000_1,00:08:32,00:08:32,0200L6-VALLEJO,6,0
02300L6000_1,00:09:50,00:09:50,0200L6-NORTE45,7,0
02300L6000_1,00:11:45,00:11:45,0200L6-FERRERIA,8,0
02300L6000_1,00:13:47,00:13:47,0200L6-AZCAPOTZALCO,9,0
02300L6000_1,00:15:32,00:15:32,0200L6-TEZOZOMOC,10,0
02300L6000_1,00:17:43,00:17:43,0200L6-ELROSARIO,11,0
02300L7000_0,00:00:00,00:00:00,0200L7-ELROSARIO,1,0
02300L7000_0,00:02:56,00:02:56,0200L7-AQUILESSERD,2,0
02300L7000_0,00:05:22,00:05:22,0200L7-CAMARONES,3,0
02300L7000_0,00:07:06,00:07:06,0200L7-REFINERIA,4,0
02300L7000_0,00:09:28,00:09:28,0200L7-TACUBA,5,0
02300L7000_0,00:12:02,00:12:02,0200L7-SANJOAQUIN,6,0
02300L7000_0,00:14:10,00:14:10,0200L7-POLANCO,7,0
02300L7000_0,00:15:34,00:15:34,0200L7-AUDITORIO,8,0
02300L7000_0,00:18:15,00:18:15,0200L7-CONSTITUYENTES,9,0
02300L7000_0,00:20:08,00:20:08,0200L7-TACUBAYA,10,0
02300L7000_0,00:22:09,00:22:09,0200L7-SANPEDROPINOS,11,0
02300L7000_0,00:23:26,00:23:26,0200L7-SANANTONIO,12,0
02300L7000_0,00:24:53,00:24:53,0200L7-MIXCOAC,13,0
02300L7000_0,00:27:33,00:27:33,0200L7-BARRANCA,14,0
02300L7000_1,00:00:00,00:00:00,0200L7-BARRANCA,1,0
02300L7000_1,00:02:40,00:02:40,0200L7-MIXCOAC,2,0
02300L7000_1,00:04:07,00:04:07,0200L7-SANANTONIO,3,0
02300L7000_1,00:05:24,00:05:24,0200L7-SANPEDROPINOS,4,0
02300L7000_1,00:07:25,00:07:25,0200L7-TACUBAYA,5,0
02300L7000_1,00:09:18,00:09:18,0200L7-CONSTITUYENTES,6,0
02300L7000_1,00:11:59,00:11:59,0200L7-AUDITORIO,7,0
02300L7000_1,00:13:23,00:13:23,0200L7-POLANCO,8,0
02300L7000_1,00:15:31,00:15:31,0200L7-SANJOAQUIN,9,0
02300L7000_1,00:18:05,00:18:05,0200L7-TACUBA,10,0
02300L7000_1,00:20:27,00:20:27,0200L7-REFINERIA,11,0
02300L7000_1,00:22:11,00:22:11,0200L7-CAMARONES,12,0
02300L7000_1,00:24:37,00:24:37,0200L7-AQUILESSERD,13,0
02300L7000_1,00:27:33,00:27:33,0200L7-ELROSARIO,14,0
02300L8000_0,00:00:00,00:00:00,0200L8-GARIBALDI,1,0
02300L8000_0,00:01:23,00:01:23,0200L8-BELLASARTES,2,0
02300L8000_0,00:02:26,00:02:26,0200L8-SANJUANLETRAN,3,0
02300L8000_0,00:03:11,00:03:11,0200L8-SALTOAGUA,4,0
02300L8000_0,00:04:24,00:04:24,0200L8-DOCTORES,5,0
02300L8000_0,00:06:01,00:06:01,0200L8-OBRERA,6,0
02300L8000_0,00:08:17,00:08:17,0200L8-CHABACANO,7,0
02300L8000_0,00:09:58,00:09:58,0200L8-LAVIGA,8,0
02300L8000_0,00:11:20,00:11:20,0200L8-STAANITA,9,0
02300L8000_0,00:13:22,00:13:22,0200L8-COYUYA,10,0
02300L8000_0,00:15:22,00:15:22,0200L8-IZTACALCO,11,0
02300L8000_0,00:17:13,00:17:13,0200L8-APATLACO,12,0
02300L8000_0,00:18:24,00:18:24,0200L8-ACULCO,13,0
02300L8000_0,00:20:03,00:20:03,0200L8-ESCUADRON,14,0
02300L8000_0,00:23:21,00:23:21,0200L8-ATLALILCO,15,0
02300L8000_0,00:24:50,00:24:50,0200L8-IZTAPALAPA,16,0
02300L8000_0,00:26:26,00:26:26,0200L8-CERROESTRELLA,17,0
02300L8000_0,00:28:38,00:28:38,0200L8-UAM-I,18,0
02300L8000_0,00:30:53,00:30:53,0200L8-CONST1917,19,0
02300L8000_1,00:00:00,00:00:00,0200L8-CONST1917,1,0
02300L8000_1,00:02:15,00:02:15,0200L8-UAM-I,2,0
02300L8000_1,00:04:27,00:04:27,0200L8-CERROESTRELLA,3,0
02300L8000_1,00:06:03,00:06:03,0200L8-IZTAPALAPA,4,0
02300L8000_1,00:07:32,00:07:32,0200L8-ATLALILCO,5,0
02300L8000_1,00:10:50,00:10:50,0200L8-ESCUADRON,6,0
02300L8000_1,00:12:29,00:12:29,0200L8-ACULCO,7,0
02300L8000_1,00:13:40,00:13:40,0200L8-APATLACO,8,0
02300L8000_1,00:15:31,00:15:31,0200L8-IZTACALCO,9,0
02300L8000_1,00:17:31,00:17:31,0200L8-COYUYA,10,0
02300L8000_1,00:19:33,00:19:33,0200L8-STAANITA,11,0
02300L8000_1,00:20:55,00:20:55,0200L8-LAVIGA,12,0
02300L8000_1,00:22:36,00:22:36,0200L8-CHABACANO,13,0
02300L8000_1,00:24:52,00:24:52,0200L8-OBRERA,14,0
02300L8000_1,00:26:29,00:26:29,0200L8-DOCTORES,15,0
02300L8000_1,00:27:42,00:27:42,0200L8-SALTOAGUA,16,0
02300L8000_1,00:28:27,00:28:27,0200L8-SANJUANLETRAN,17,0
02300L8000_1,00:29:30,00:29:30,0200L8-BELLASARTES,18,0
02300L8000_1,00:30:53,00:30:53,0200L8-GARIBALDI,19,0
02300L9000_0,00:00:00,00:00:00,0200L9-PANTITLAN,1,0
02300L9000_0,00:02:47,00:02:47,0200L9-PUEBLA,2,0
02300L9000_0,00:04:29,00:04:29,0200L9-CIUDADDVA,3,0
02300L9000_0,00:06:46,00:06:46,0200L9-VELODROMO,4,0
02300L9000_0,00:08:38,00:08:38,0200L9-MIXIUHCA,5,0
02300L9000_0,00:10:25,00:10:25,0200L9-JAMAICA,6,0
02300L9000_0,00:12:37,00:12:37,0200L9-CHABACANO,7,0
02300L9000_0,00:14:40,00:14:40,0200L9-LAZAROCAR,8,0
02300L9000_0,00:16:50,00:16:50,0200L9-CENTROMEDICO,9,0
02300L9000_0,00:19:12,00:19:12,0200L9-CHILPANCINGO,10,0
02300L9000_0,00:21:11,00:21:11,0200L9-PATRIOTISMO,11,0
02300L9000_0,00:23:21,00:23:21,0200L9-TACUBAYA,12,0
02300L9000_1,00:00:00,00:00:00,0200L9-TACUBAYA,1,0
02300L9000_1,00:02:10,00:02:10,0200L9-PATRIOTISMO,2,0
02300L9000_1,00:04:09,00:04:09,0200L9-CHILPANCINGO,3,0
02300L9000_1,00:06:31,00:06:31,0200L9-CENTROMEDICO,4,0
02300L9000_1,00:08:41,00:08:41,0200L9-LAZAROCAR,5,0
02300L9000_1,00:10:44,00:10:44,0200L9-CHABACANO,6,0
02300L9000_1,00:12:56,00:12:56,0200L9-JAMAICA,7,0
02300L9000_1,00:14:43,00:14:43,0200L9-MIXIUHCA,8,0
02300L9000_1,00:16:35,00:16:35,0200L9-VELODROMO,9,0
02300L9000_1,00:18:52,00:18:52,0200L9-CIUDADDVA,10,0
02300L9000_1,00:20:34,00:20:34,0200L9-PUEBLA,11,0
02300L9000_1,00:23:21,00:23:21,0200L9-PANTITLAN,12,0
02300LA000_0,00:00:00,00:00:00,0200LA-PANTITLAN,1,0
02300LA000_0,00:02:33,00:02:33,0200LA-AGRICOLA,2,0
02300LA000_0,00:04:36,00:04:36,0200LA-CANALSANJUAN,3,0
02300LA000_0,00:07:15,00:07:15,0200LA-TEPALCATES,4,0
02300LA000_0,00:09:24,00:09:24,0200LA-GUELATAO,5,0
02300LA000_0,00:13:17,00:13:17,0200LA-PENONVIEJO,6,0
02300LA000_0,00:15:48,00:15:48,0200LA-ACATITLA,7,0
02300LA000_0,00:17:51,00:17:51,0200LA-STAMARTA,8,0
02300LA000_0,00:21:02,00:21:02,0200LA-LOSREYES,9,0
02300LA000_0,00:24:30,00:24:30,0200LA-LAPAZ,10,0
02300LA000_1,00:00:00,00:00:00,0200LA-LAPAZ,1,0
02300LA000_1,00:03:28,00:03:28,0200LA-LOSREYES,2,0
02300LA000_1,00:06:39,00:06:39,0200LA-STAMARTA,3,0
02300LA000_1,00:08:42,00:08:42,0200LA-ACATITLA,4,0
02300LA000_1,00:11:13,00:11:13,0200LA-PENONVIEJO,5,0
02300LA000_1,00:15:06,00:15:06,0200LA-GUELATAO,6,0
02300LA000_1,00:17:15,00:17:15,0200LA-TEPALCATES,7,0
02300LA000_1,00:19:54,00:19:54,0200LA-CANALSANJUAN,8,0
02300LA000_1,00:21:57,00:21:57,0200LA-AGRICOLA,9,0
02300LA000_1,00:24:30,00:24:30,0200LA-PANTITLAN,10,0
02300LB000_0,00:00:00,00:00:00,0200LB-BUENAVISTA,1,0
02300LB000_0,00:01:15,00:01:15,0200LB-GUERRERO,2,0
02300LB000_0,00:02:55,00:02:55,0200LB-GARIBALDI,3,0
02300LB000_0,00:04:26,00:04:26,0200LB-LAGUNILLA,4,0
02300LB000_0,00:05:39,00:05:39,0200LB-TEPITO,5,0
02300LB000_0,00:06:52,00:06:52,0200LB-MORELOS,6,0
02300LB000_0,00:09:30,00:09:30,0200LB-SANLAZARO,7,0
02300LB000_0,00:11:32,00:11:32,0200LB-RFLORESMAGON,8,0
02300LB000_0,00:13:37,00:13:37,0200LB-ROMERORUBIO,9,0
02300LB000_0,00:15:20,00:15:20,0200LB-OCEANIA,10,0
02300LB000_0,00:17:16,00:17:16,0200LB-DPVOOCEANIA,11,0
02300LB000_0,00:19:45,00:19:45,0200LB-BOSQUEARAGON,12,0
02300LB000_0,00:21:31,00:21:31,0200LB-VILLAARAGON,13,0
02300LB000_0,00:24:20,00:24:20,0200LB-NEZAHUALCO,14,0
02300LB000_0,00:27:15,00:27:15,0200LB-IMPULSORA,15,0
02300LB000_0,00:28:22,00:28:22,0200LB-RIOREMEDIOS,16,0
02300LB000_0,00:30:49,00:30:49,0200LB-MUZQUIZ,17,0
02300LB000_0,00:33:55,00:33:55,0200LB-ECATEPEC,18,0
02300LB000_0,00:35:20,00:35:20,0200LB-OLIMPICA,19,0
02300LB000_0,00:36:57,00:36:57,0200LB-PLAZAARAGON,20,0
02300LB000_0,00:38:19,00:38:19,0200LB-CIUDADAZTECA,21,0
02300LB000_1,00:00:00,00:00:00,0200LB-CIUDADAZTECA,1,0
02300LB000_1,00:01:22,00:01:22,0200LB-PLAZAARAGON,2,0
02300LB000_1,00:02:59,00:02:59,0200LB-OLIMPICA,3,0
02300LB000_1,00:04:24,00:04:24,0200LB-ECATEPEC,4,0
02300LB000_1,00:07:30,00:07:30,0200LB-MUZQUIZ,5,0
02300LB000_1,00:09:57,00:09:57,0200LB-RIOREMEDIOS,6,0
02300LB000_1,00:11:04,00:11:04,0200LB-IMPULSORA,7,0
02300LB000_1,00:13:59,00:13:59,0200LB-NEZAHUALCO,8,0
02300LB000_1,00:16:48,00:16:48,0200LB-VILLAARAGON,9,0
02300LB000_1,00:18:34,00:18:34,0200LB-BOSQUEARAGON,10,0
02300LB000_1,00:21:03,00:21:03,0200LB-DPVOOCEANIA,11,0
02300LB000_1,00:22:59,00:22:59,0200LB-OCEANIA,12,0
02300LB000_1,00:24:42,00:24:42,0200LB-ROMERORUBIO,13,0
02300LB000_1,00:26:47,00:26:47,0200LB-RFLORESMAGON,14,0
02300LB000_1,00:28:49,00:28:49,0200LB-SANLAZARO,15,0
02300LB000_1,00:31:27,00:31:27,0200LB-MORELOS,16,0
02300LB000_1,00:32:40,00:32:40,0200LB-TEPITO,17,0
02300LB000_1,00:33:53,00:33:53,0200LB-LAGUNILLA,18,0
02300LB000_1,00:35:24,00:35:24,0200LB-GARIBALDI,19,0
02300LB000_1,00:37:04,00:37:04,0200LB-GUERRERO,20,0
02300LB000_1,00:38:19,00:38:19,0200LB-BUENAVISTA,21,0
0230L12000_0,00:00:00,00:00:00,020L12-MIXCOAC,1,0
0230L12000_0,00:02:05,00:02:05,020L12-INSURGENTESSUR,2,0
0230L12000_0,00:03:53,00:03:53,020L12-HOSPITAL20,3,0
0230L12000_0,00:05:10,00:05:10,020L12-ZAPATA,4,0
0230L12000_0,00:06:50,00:06:50,020L12-PARQUEVENADOS,5,0
0230L12000_0,00:10:08,00:10:08,020L12-EJECENTRAL,6,0
0230L12000_0,00:12:30,00:12:30,020L12-ERMITA,7,0
0230L12000_0,00:16:56,00:16:56,020L12-MEXICALTZINGO,8,0
0230L12000_0,00:21:43,00:21:43,020L12-ATLALILCO,9,0
0230L12000_0,00:25:46,00:25:46,020L12-CULHUACAN,10,0
0230L12000_0,00:28:22,00:28:22,020L12-SANANDRESTO,11,0
0230L12000_0,00:31:07,00:31:07,020L12-LOMASESTRELLA,12,0
0230L12000_0,00:33:30,00:33:30,020L12-CALLE11,13,0
0230L12000_0,00:36:21,00:36:21,020L12-PERIFERICOOTE,14,0
0230L12000_0,00:40:12,00:40:12,020L12-TEZONCO,15,0
0230L12000_0,00:41:39,00:41:39,020L12-OLIVOS,16,0
0230L12000_0,00:45:05,00:45:05,020L12-NOPALERA,17,0
0230L12000_0,00:48:18,00:48:18,020L12-ZAPOTITLAN,18,0
0230L12000_0,00:51:11,00:51:11,020L12-TLALTENCO,19,0
0230L12000_0,00:54:28,00:54:28,020L12-TLAHUAC,20,0
0230L12000_1,00:00:00,00:00:00,020L12-TLAHUAC,1,0
0230L12000_1,00:03:17,00:03:17,020L12-TLALTENCO,2,0
0230L12000_1,00:06:10,00:06:10,020L12-ZAPOTITLAN,3,0
0230L12000_1,00:09:23,00:09:23,020L12-NOPALERA,4,0
0230L12000_1,00:12:49,00:12:49,020L12-OLIVOS,5,0
0230L12000_1,00:14:16,00:14:16,020L12-TEZONCO,6,0
0230L12000_1,00:18:07,00:18:07,020L12-PERIFERICOOTE,7,0
0230L12000_1,00:20:58,00:20:58,020L12-CALLE11,8,0
0230L12000_1,00:23:21,00:23:21,020L12-LOMASESTRELLA,9,0
0230L12000_1,00:26:06,00:26:06,020L12-SANANDRESTO,10,0
0230L12000_1,00:28:42,00:28:42,020L12-CULHUACAN,11,0
0230L12000_1,00:32:45,00:32:45,020L12-ATLALILCO,12,0
0230L12000_1,00:37:32,00:37:32,020L12-MEXICALTZINGO,13,0
0230L12000_1,00:41:58,00:41:58,020L12-ERMITA,14,0
0230L12000_1,00:44:20,00:44:20,020L12-EJECENTRAL,15,0
0230L12000_1,00:47:38,00:47:38,020L12-PARQUEVENADOS,16,0
0230L12000_1,00:49:18,00:49:18,020L12-ZAPATA,17,0
0230L12000_1,00:50:35,00:50:35,020L12-HOSPITAL20,18,0
0230L12000_1,00:52:23,00:52:23,020L12-INSURGENTESSUR,19,0
0230L12000_1,00:54:28,00:54:28,020L12-MIXCOAC,20,0
